entry_lookback,ma_trend,vol_mult,rsi_min,init_stop_atr,trail_atr,max_hold,train_trades,train_winrate,train_expect,train_payoff,train_return,train_cagr,test_trades,test_winrate,test_expect,test_payoff,test_return,test_cagr,test_mdd,test_avghold,train_obj,test_obj
20,150,1.3,50,2.5,4.5,30,603,43.8,0.97,1.59,11.9,1.8,864,39.4,2.17,2.18,104.1,32.6,-13.1,15.2,0.11929688006300365,1.0409629430687022
20,120,1.3,45,1.5,2.5,30,830,28.8,-1.48,1.32,-26.9,-4.8,1181,32.3,-0.66,1.69,1.5,0.5,-4.2,5.6,-0.2690840731490858,0.015212695427589074
120,60,1.0,45,2.0,4.5,30,436,38.3,0.79,1.91,42.3,5.8,688,37.4,2.28,2.44,33.6,10.3,-18.4,13.3,0.4230666867611721,0.33615631678276103
20,60,1.6,45,2.5,3.5,60,605,33.9,-1.02,1.51,-25.8,-4.6,823,39.1,1.02,1.89,24.5,7.3,-16.9,12.8,-0.2583561943324514,0.24466234213768345
20,150,1.0,55,2.0,2.5,30,824,33.7,-1.18,1.26,-21.6,-3.8,1206,35.9,-0.47,1.55,-2.0,-0.8,-10.9,7.0,-0.21586288290738664,-0.019529389168637112
120,120,1.6,50,2.5,3.5,30,367,36.8,-0.94,1.36,-11.6,-2.3,567,40.9,0.93,1.71,6.0,2.1,-21.2,11.8,-0.11648467359642756,0.060312641692987556
40,150,1.6,55,2.0,3.5,60,492,32.9,-0.55,1.76,-10.0,-2.0,666,36.0,0.58,1.99,-2.9,-1.1,-16.1,10.8,-0.09954365773176943,-0.02882940925167221
55,60,1.0,55,2.0,2.5,60,656,32.8,-1.31,1.25,-15.8,-2.7,1021,34.5,-0.92,1.45,-10.2,-3.4,-17.0,6.7,-0.15755397220762135,-0.10197969844051191
20,60,1.3,45,2.0,2.5,30,800,30.0,-1.56,1.29,-30.0,-5.5,1145,34.8,-0.71,1.51,30.5,9.0,-12.4,6.8,-0.30005821506691244,0.305244863500284
55,120,1.0,45,2.5,3.5,60,501,36.7,-0.23,1.63,-17.1,-2.9,763,38.9,0.87,1.84,7.3,2.5,-19.7,12.6,-0.17050151565430738,0.07294536589534473
40,120,1.0,55,2.5,2.5,60,670,33.0,-1.38,1.2,-21.7,-3.8,1004,36.6,-0.84,1.37,-2.3,-0.8,-5.8,7.0,-0.21701580661531572,-0.023194264313636692
55,60,1.6,50,2.5,2.5,60,540,30.6,-1.96,1.1,-21.3,-4.4,774,34.2,-1.38,1.29,-3.4,-1.1,-10.6,6.9,-0.21266459057376874,-0.03421361385882482
55,60,1.6,55,2.5,4.5,60,432,36.3,-0.28,1.65,-15.8,-3.2,635,36.4,1.45,2.19,16.7,5.1,-14.6,16.5,-0.1577566722308047,0.1665538772102204
40,150,1.6,45,2.5,2.5,30,556,31.8,-1.75,1.11,-16.1,-3.3,750,34.8,-1.28,1.29,-13.5,-5.6,-15.9,6.6,-0.16093089157142082,-0.13543036367952044
40,60,1.0,50,2.0,2.5,60,708,32.8,-1.35,1.23,-15.0,-2.5,1076,35.1,-0.87,1.43,-11.4,-3.8,-17.8,6.8,-0.1495226478847379,-0.11372377943614831
40,150,1.6,55,1.5,4.5,60,480,31.0,0.57,2.56,30.2,5.1,670,30.7,1.64,3.07,-9.4,-3.8,-17.0,11.0,0.302350533527487,-0.0936461400687838
55,150,1.3,50,2.0,2.5,60,569,32.7,-1.44,1.17,-12.6,-2.1,811,32.8,-1.16,1.47,-11.2,-4.6,-14.8,6.3,-0.12616855686443873,-0.11187951738209256
20,120,1.6,45,1.5,2.5,30,748,28.2,-1.61,1.29,-22.4,-4.0,994,32.6,-0.81,1.59,-2.5,-0.9,-13.3,5.5,-0.2244773055442708,-0.02467069256249632
40,150,1.3,45,2.5,4.5,30,491,45.4,1.14,1.53,25.6,3.7,703,39.5,1.83,2.04,16.3,6.2,-18.6,14.4,0.25586972228959737,0.16342681482462784
40,60,1.3,45,1.5,4.5,60,569,28.5,-0.09,2.45,25.1,3.6,848,29.7,1.45,3.14,2.6,0.8,-11.5,11.1,0.25051609608642966,0.026237834810655558
55,60,1.0,55,2.5,3.5,30,567,38.4,-0.55,1.39,2.5,0.4,855,38.8,0.69,1.79,33.7,9.8,-13.8,12.0,0.025322405985098273,0.337337654533838
20,60,1.3,45,2.5,4.5,60,603,36.3,0.0,1.75,0.1,0.0,861,38.6,2.44,2.31,69.2,18.4,-17.3,17.4,0.0008868598854716581,0.692394289359821
55,150,1.6,55,1.5,2.5,30,531,29.6,-1.53,1.25,-9.9,-2.0,724,30.2,-1.21,1.57,-3.0,-1.2,-7.4,5.0,-0.09933537604129872,-0.02994942293156455
40,150,1.6,55,1.5,3.5,30,536,30.0,-0.56,1.96,26.9,4.6,713,32.3,0.38,2.29,1.7,0.7,-7.5,8.0,0.26933315683183245,0.016685416455362256
40,120,1.6,45,2.0,4.5,60,458,35.4,0.72,2.13,17.0,3.0,653,35.2,1.66,2.42,-7.0,-2.5,-32.4,14.1,0.1701066422605335,-0.0700829688623249
120,60,1.6,50,1.5,3.5,30,414,28.5,-0.85,1.95,8.2,1.5,631,30.9,0.18,2.33,6.4,2.1,-12.8,8.0,0.08192395030831578,0.06382134829267283
40,60,1.6,45,2.0,3.5,30,545,31.7,-1.15,1.56,-3.1,-0.6,748,36.4,0.44,1.92,4.3,1.4,-11.4,10.3,-0.030728282494909664,0.04293262987519797
40,120,1.6,50,1.5,2.5,60,592,28.0,-1.7,1.24,-13.1,-2.6,815,30.9,-1.19,1.52,14.2,4.7,-7.6,5.2,-0.13135343377601705,0.14180514586155013
20,150,1.3,55,2.0,3.5,30,672,36.8,-0.31,1.58,-17.8,-3.0,950,37.6,0.86,1.99,33.1,12.0,-19.0,10.8,-0.17760500729062967,0.3312631567079072
120,150,1.0,45,1.5,2.5,60,502,29.9,-1.35,1.36,-11.4,-1.9,832,32.6,-0.72,1.67,1.7,0.7,-1.2,5.6,-0.11397323008107452,0.01680057973354021
55,120,1.3,45,1.5,4.5,30,506,32.8,0.45,2.3,59.3,7.7,771,28.9,1.15,3.08,-13.3,-4.8,-13.3,9.7,0.5932340228515043,-0.13265719709492851
55,60,1.6,50,2.0,4.5,30,474,35.9,-0.04,1.77,13.4,2.4,680,34.7,1.4,2.39,8.9,2.8,-7.1,12.8,0.1338490403901218,0.08870966485060139
55,150,1.6,45,2.5,4.5,30,419,44.2,0.9,1.53,45.3,7.3,572,39.2,2.07,2.13,49.6,17.3,-28.5,14.8,0.4529335879757317,0.49612436479233213
120,150,1.6,55,2.5,4.5,60,302,39.4,1.18,1.9,2.7,0.5,487,39.0,2.36,2.2,124.1,37.6,-19.5,17.1,0.027000299729082577,1.2405277669158914
20,150,1.3,50,2.5,3.5,30,640,41.7,0.09,1.43,0.1,0.0,920,40.4,1.03,1.81,65.8,22.1,-24.1,12.2,0.0012017045517629388,0.6584307049803806
40,60,1.6,50,1.5,2.5,30,615,27.6,-1.69,1.29,-14.9,-3.0,870,30.2,-1.29,1.5,3.1,1.0,-2.6,5.2,-0.14925593590765518,0.0306466309899589
40,150,1.3,50,1.5,4.5,30,550,34.0,0.61,2.28,53.7,7.1,781,30.7,1.51,3.03,5.8,2.3,-13.6,9.9,0.5365949799348275,0.05806608204428665
20,150,1.3,45,2.0,2.5,60,756,32.4,-1.39,1.23,-24.1,-4.3,1080,35.2,-0.63,1.53,2.5,1.0,-16.1,6.9,-0.24082385796918437,0.024839387783744282
20,120,1.6,55,2.5,2.5,30,707,31.7,-1.67,1.15,-31.9,-5.9,945,36.7,-0.89,1.32,-19.0,-7.1,-21.3,7.1,-0.3192792801436324,-0.19017579438072374
20,150,1.6,50,2.5,4.5,60,506,41.5,1.31,1.83,32.1,4.5,727,39.2,2.31,2.2,68.4,22.9,-17.9,17.1,0.321191942926103,0.6837542256333675
20,150,1.6,50,2.0,4.5,60,543,36.3,0.77,2.08,2.3,0.4,753,36.5,2.23,2.51,28.0,10.3,-15.3,15.1,0.022777809511583147,0.28026062113991435
120,60,1.3,45,2.0,2.5,30,491,31.8,-1.52,1.21,-16.3,-2.8,771,35.5,-0.8,1.44,0.8,0.3,-10.3,6.5,-0.1625037540468236,0.008233772590897193
20,60,1.0,45,2.5,3.5,30,744,37.5,-0.7,1.38,-28.6,-5.2,1057,39.2,0.99,1.88,51.2,14.2,-20.2,12.5,-0.285806466082021,0.511695903932297
20,120,1.3,50,1.5,2.5,60,821,28.5,-1.48,1.34,-26.9,-4.8,1176,32.4,-0.65,1.69,6.5,2.2,-4.2,5.7,-0.2690840731490858,0.06455564692874938
55,150,1.3,55,2.5,4.5,30,453,45.7,1.09,1.5,49.0,6.5,645,39.4,1.99,2.09,15.4,5.8,-30.1,14.6,0.49005268440815364,0.154134726391014
120,120,1.6,55,1.5,2.5,30,431,26.7,-1.81,1.3,-12.9,-2.6,675,31.0,-1.23,1.52,-1.7,-0.6,-7.7,5.1,-0.12885172797508926,-0.016665481226941226
120,60,1.3,50,2.0,4.5,60,381,35.2,0.74,2.15,2.7,0.4,613,35.2,2.1,2.59,5.7,1.9,-17.1,14.8,0.027154500153390382,0.05722589712314119
20,150,1.6,45,2.0,4.5,60,543,36.3,0.77,2.08,2.3,0.4,753,36.5,2.23,2.51,28.0,10.3,-15.3,15.1,0.022777809511583147,0.28026062113991435
120,60,1.6,55,2.0,4.5,60,350,34.3,0.62,2.17,6.6,1.2,554,34.5,1.61,2.47,-2.4,-0.8,-20.0,14.7,0.0658885169040806,-0.024147507317899497
40,150,1.3,55,1.5,3.5,60,571,28.7,-0.49,2.14,8.3,1.3,817,31.6,0.37,2.36,38.6,13.8,-5.0,8.3,0.0828767739302132,0.386106415238741
40,150,1.0,50,1.5,2.5,60,699,30.9,-1.3,1.3,-12.4,-2.1,1026,32.3,-0.83,1.62,-8.1,-3.3,-8.1,5.6,-0.1243225312034385,-0.0808279989175873
40,120,1.0,50,1.5,4.5,60,567,30.3,0.49,2.6,0.3,0.1,854,30.6,1.66,3.12,0.3,0.1,-16.2,11.1,0.003407277946773979,0.0026413578654493897
20,60,1.6,55,1.5,3.5,30,694,27.8,-1.12,1.82,-16.6,-2.8,929,31.2,0.38,2.41,37.4,10.8,-9.9,8.3,-0.16590768542673018,0.3743386914662794
55,150,1.0,55,2.0,4.5,30,499,41.3,1.08,1.82,34.2,4.8,734,36.0,2.0,2.47,36.7,13.2,-21.9,12.6,0.341663774812067,0.36706821642073173
120,120,1.6,45,2.0,4.5,60,332,34.0,0.83,2.28,-14.9,-3.0,544,34.7,1.72,2.47,-12.5,-4.5,-22.5,14.4,-0.14908738936077892,-0.12521539417151417
55,120,1.0,55,2.5,4.5,30,494,43.5,0.68,1.5,31.2,4.4,733,39.6,2.0,2.08,-11.3,-4.1,-35.3,14.6,0.31212815628747537,-0.11330998431907369
20,150,1.3,55,2.0,3.5,60,635,35.1,-0.18,1.76,-5.9,-0.9,924,37.4,1.0,2.05,31.4,11.4,-20.9,11.6,-0.05863215349412376,0.31432693881030715
120,60,1.6,55,2.5,4.5,60,339,36.9,0.35,1.83,-21.9,-4.5,533,37.9,1.84,2.17,69.8,19.7,-21.2,16.9,-0.21852483388599186,0.6984539532052316
55,120,1.6,50,2.0,4.5,60,414,34.5,0.49,2.11,-2.9,-0.5,610,34.1,1.43,2.44,2.2,0.8,-32.3,14.0,-0.02867443179161211,0.02201309247904537
20,150,1.6,55,2.0,4.5,60,542,36.3,0.78,2.07,2.3,0.4,753,36.5,2.21,2.5,28.0,10.3,-15.3,15.0,0.022777809511583147,0.28026062113991435
120,120,1.6,45,2.0,3.5,30,378,33.1,-0.93,1.59,-4.0,-0.8,584,37.3,0.83,1.97,-14.4,-5.3,-16.0,10.4,-0.04002361020874656,-0.1437708405357867
20,60,1.3,45,2.0,3.5,30,720,33.2,-0.91,1.56,-33.8,-6.3,997,36.7,0.87,2.06,52.6,14.6,-13.7,10.9,-0.33755863509075545,0.5261993252224135
20,60,1.0,45,2.0,3.5,60,738,31.8,-0.74,1.75,-18.9,-3.2,1058,36.4,1.06,2.16,9.2,2.9,-16.3,11.9,-0.18865284414253347,0.09179579434471608
40,60,1.6,50,2.5,3.5,30,528,35.0,-1.28,1.32,-29.8,-6.5,727,39.3,0.49,1.7,4.2,1.3,-17.3,11.5,-0.29838637061298745,0.04190809852772115
40,60,1.3,55,2.5,3.5,30,578,37.2,-0.85,1.34,-17.1,-2.9,828,39.3,0.52,1.71,27.4,8.1,-11.8,11.7,-0.17119390161034687,0.27425234110728947
55,120,1.3,50,2.0,3.5,30,516,33.9,-0.55,1.68,1.0,0.2,753,35.9,0.44,1.95,-13.5,-4.9,-20.7,10.1,0.009901824951621618,-0.13522098938193783
120,150,1.6,55,2.5,2.5,60,396,30.1,-2.04,1.1,-22.8,-4.8,597,35.7,-1.07,1.34,-11.0,-4.5,-11.8,6.9,-0.22822022987962887,-0.11040974545928794
20,60,1.6,55,2.5,3.5,60,605,33.9,-1.02,1.51,-25.8,-4.6,823,39.1,1.02,1.89,24.5,7.3,-16.9,12.8,-0.2583561943324514,0.24466234213768345
55,60,1.3,55,2.0,2.5,60,612,31.4,-1.54,1.21,-15.1,-2.6,914,33.7,-1.06,1.44,-11.0,-3.7,-18.5,6.5,-0.15106514177163466,-0.1096039167307522
55,120,1.6,45,1.5,2.5,60,529,28.2,-1.69,1.25,-11.3,-2.2,757,29.5,-1.36,1.55,-1.1,-0.4,-7.7,5.1,-0.11280846358491592,-0.011246928478363949
40,120,1.0,50,2.5,4.5,30,537,44.5,0.87,1.5,53.0,7.0,789,40.3,2.04,2.04,36.6,11.4,-22.3,14.6,0.5297614150602554,0.36551377809220154
40,120,1.3,55,1.5,3.5,60,582,27.0,-0.61,2.24,6.5,1.0,861,31.4,0.2,2.3,-0.2,-0.1,-3.0,8.3,0.06494286038754593,-0.0020705348600184026
40,60,1.0,50,2.0,4.5,30,603,36.8,0.12,1.77,10.7,1.6,875,36.5,1.88,2.41,71.8,19.1,-11.5,13.0,0.10746474741529344,0.7176650606612309
55,120,1.6,50,2.5,2.5,30,512,30.9,-1.8,1.12,-12.6,-2.5,717,35.1,-1.33,1.27,-14.3,-5.2,-19.6,6.7,-0.12597559113185686,-0.14270753666700964
55,60,1.3,55,1.5,2.5,30,633,29.7,-1.39,1.33,-18.2,-3.1,971,30.0,-1.1,1.64,7.5,2.4,-4.3,5.2,-0.18202739850457683,0.07530604836497679
55,60,1.6,45,2.0,4.5,60,447,33.3,-0.08,1.97,20.0,3.5,662,33.1,1.28,2.51,5.9,1.9,-6.0,14.4,0.19998577389133043,0.05882049986483784
20,150,1.0,45,2.5,3.5,30,686,41.7,0.06,1.42,4.7,0.7,998,41.2,1.23,1.82,20.9,7.8,-21.2,12.5,0.046791422693539086,0.20933724148838584
20,60,1.3,50,2.0,2.5,30,800,30.0,-1.56,1.29,-30.0,-5.5,1145,34.8,-0.71,1.51,30.5,9.0,-12.4,6.8,-0.30005821506691244,0.305244863500284
120,60,1.6,45,1.5,3.5,60,404,27.2,-0.81,2.11,6.8,1.2,624,30.4,0.23,2.41,12.8,4.2,-15.6,8.4,0.06767143012451848,0.12792522066671097
40,120,1.0,45,1.5,3.5,30,641,29.5,-0.47,2.07,20.0,2.9,942,32.5,0.35,2.25,2.2,0.8,-8.8,8.2,0.19983197869894376,0.02221767990629009
55,120,1.0,55,1.5,2.5,30,646,30.3,-1.32,1.31,-7.2,-1.2,1002,31.1,-0.96,1.64,-0.4,-0.2,-5.4,5.3,-0.07248362688302323,-0.004317459041974336
40,120,1.6,50,1.5,3.5,30,543,29.1,-0.6,2.03,11.0,2.0,744,32.3,0.31,2.25,0.9,0.3,-12.4,8.0,0.10983323830856073,0.008656913172835567
120,60,1.3,45,2.5,3.5,30,425,37.2,-0.63,1.44,9.7,1.5,655,42.1,1.08,1.68,26.2,8.2,-14.7,11.9,0.09699672798238668,0.2620019330015144
120,60,1.3,55,2.0,3.5,60,426,31.2,-0.82,1.78,-15.2,-2.6,663,37.1,0.95,2.04,43.0,12.9,-19.4,11.1,-0.1518472180829955,0.43048836096943255
20,60,1.0,50,2.5,2.5,30,860,31.0,-1.52,1.28,-21.1,-3.7,1257,35.9,-0.6,1.5,-0.3,-0.1,-7.8,7.4,-0.2110386562348865,-0.0034261861743394295
120,60,1.0,50,1.5,2.5,60,544,29.4,-1.32,1.4,-16.5,-2.8,903,32.1,-0.84,1.64,-0.8,-0.3,-7.1,5.6,-0.16518239037364613,-0.00814407104557624
20,60,1.3,55,2.0,2.5,60,793,29.9,-1.54,1.31,-24.0,-4.2,1136,34.7,-0.7,1.53,31.8,9.3,-13.5,6.9,-0.23953134259284936,0.31753065106378675
20,60,1.6,50,2.5,3.5,60,605,33.9,-1.02,1.51,-25.8,-4.6,823,39.1,1.02,1.89,24.5,7.3,-16.9,12.8,-0.2583561943324514,0.24466234213768345
40,60,1.6,45,1.5,4.5,30,547,29.1,-0.16,2.34,10.1,1.8,759,30.4,1.29,2.95,6.1,1.9,-10.4,10.1,0.10061572949357811,0.06085064215329128
120,60,1.6,55,2.5,2.5,60,433,30.3,-2.04,1.08,-18.4,-3.8,647,36.0,-1.1,1.3,-7.1,-2.5,-13.5,7.1,-0.18434578022196735,-0.07145709761068186
40,120,1.6,55,1.5,2.5,60,592,28.0,-1.7,1.24,-13.1,-2.6,815,30.9,-1.19,1.52,14.2,4.7,-7.6,5.2,-0.13135343377601705,0.14180514586155013
55,150,1.0,50,2.5,2.5,30,606,35.0,-1.19,1.19,-9.9,-1.6,904,34.8,-0.94,1.44,-8.6,-3.5,-15.1,6.8,-0.09910235489469899,-0.08606330434017029
120,120,1.6,45,1.5,4.5,60,352,29.3,0.6,2.77,19.1,3.4,585,28.9,1.25,3.1,1.7,0.6,-20.7,10.9,0.19078752910795438,0.016902511475821225
40,150,1.6,50,2.5,4.5,30,453,44.4,0.94,1.53,49.8,7.9,624,39.4,1.89,2.06,21.3,7.9,-26.5,14.5,0.4981984201750844,0.2125391260871441
55,120,1.3,55,1.5,4.5,30,506,32.8,0.45,2.3,59.3,7.7,771,28.9,1.15,3.08,-13.3,-4.8,-13.3,9.7,0.5932340228515043,-0.13265719709492851
40,150,1.0,55,2.5,3.5,30,561,41.0,0.01,1.44,6.7,1.0,820,39.4,0.56,1.71,-4.1,-1.7,-27.0,11.6,0.06696959325006091,-0.04134225327017027
120,60,1.0,45,2.5,2.5,60,519,33.1,-1.39,1.21,-7.9,-1.3,837,37.0,-0.58,1.45,-9.8,-3.4,-11.0,7.2,-0.07897672950108447,-0.09824802321902992
40,60,1.6,50,2.0,4.5,30,519,34.3,-0.23,1.82,1.3,0.2,714,36.4,1.65,2.32,3.1,1.0,-11.2,12.9,0.013111647305806384,0.03067862756763562
55,120,1.6,55,2.5,4.5,60,396,38.4,0.59,1.81,-0.7,-0.1,583,37.2,1.66,2.17,27.7,8.9,-35.4,16.2,-0.00673477106049325,0.2771881163984198
20,150,1.0,45,2.5,4.5,60,578,41.9,1.46,1.86,30.6,4.3,873,39.2,2.59,2.31,84.9,27.5,-16.5,17.6,0.30627137037866414,0.8489350308733754
20,120,1.3,55,2.0,2.5,30,792,31.6,-1.47,1.22,-31.0,-5.7,1126,35.8,-0.64,1.48,5.5,1.9,-17.9,6.8,-0.3095267060406772,0.05497035096344827
40,60,1.3,45,2.0,3.5,60,584,31.3,-1.0,1.65,-6.6,-1.1,836,35.6,0.57,2.02,61.6,16.7,-17.0,11.0,-0.06564643456726005,0.6155428592463448
40,60,1.0,45,2.5,2.5,30,708,32.9,-1.49,1.17,-20.7,-3.6,1070,35.5,-0.91,1.39,-5.2,-1.7,-11.8,7.0,-0.20706850448939496,-0.051955049077994975
55,150,1.3,55,2.5,4.5,60,416,42.8,1.27,1.74,35.6,4.9,613,37.8,2.24,2.29,54.1,18.6,-20.1,16.5,0.35608465803180067,0.5409136337405407
40,120,1.0,45,2.5,2.5,60,670,33.0,-1.38,1.2,-21.7,-3.8,1004,36.6,-0.84,1.37,-2.3,-0.8,-5.8,7.0,-0.21701580661531572,-0.023194264313636692
120,150,1.0,50,1.5,3.5,30,447,30.9,-0.28,2.07,12.6,1.9,732,32.4,0.9,2.52,28.8,10.5,-10.6,8.3,0.1261560404480968,0.2883489442004279
40,120,1.0,55,2.0,4.5,60,522,36.6,0.84,2.09,31.6,4.5,780,35.5,1.99,2.52,80.2,22.7,-22.0,14.4,0.3163385887115524,0.801928661501421
40,60,1.3,55,1.5,3.5,30,627,29.2,-0.77,1.89,5.2,0.8,920,31.4,0.29,2.34,9.6,3.0,-4.1,8.1,0.05220580687270826,0.0963891636217149
20,60,1.3,50,1.5,4.5,60,694,26.8,-0.28,2.53,-6.9,-1.1,987,30.1,1.79,3.28,36.5,10.5,-8.6,11.6,-0.06879382131554002,0.36453991716142564
120,60,1.3,45,1.5,3.5,30,459,29.2,-0.64,2.0,1.7,0.3,736,31.7,0.45,2.39,15.5,5.0,-8.3,8.0,0.017194805797473345,0.1554314518666362
20,60,1.6,55,2.0,2.5,30,723,29.0,-1.85,1.22,-22.2,-3.9,976,34.5,-0.99,1.4,2.7,0.8,-5.5,6.7,-0.22224134080281033,0.026594426837434515
20,60,1.3,55,2.0,2.5,30,800,30.0,-1.56,1.29,-30.0,-5.5,1145,34.8,-0.71,1.51,30.5,9.0,-12.4,6.8,-0.30005821506691244,0.305244863500284
55,150,1.3,45,1.5,4.5,60,471,32.7,0.68,2.44,21.9,3.2,709,28.8,1.54,3.31,20.0,7.5,-11.7,10.7,0.21861889720978778,0.1999800342631548
120,150,1.3,50,2.0,3.5,30,400,35.2,-0.47,1.62,17.6,2.6,628,37.6,1.05,2.02,29.3,10.7,-10.1,10.4,0.17584916630952696,0.2931950270205983
20,150,1.0,55,1.5,3.5,60,750,29.9,-0.44,2.06,-9.9,-1.6,1085,33.7,0.88,2.4,31.3,11.4,-7.7,9.5,-0.09924206123729085,0.31328806719755087
40,60,1.0,55,1.5,3.5,60,658,27.7,-0.76,2.06,-1.3,-0.2,992,30.7,0.33,2.43,46.9,13.2,-6.0,8.7,-0.013257797148671036,0.4685451797763831
40,120,1.3,55,2.5,3.5,60,515,35.9,-0.29,1.66,13.6,2.0,767,38.2,0.38,1.74,32.8,10.4,-21.3,12.2,0.1364923710329662,0.3283041131830231
120,150,1.6,45,2.5,4.5,60,302,39.4,1.18,1.9,2.7,0.5,487,39.0,2.36,2.2,124.1,37.6,-19.5,17.1,0.027000299729082577,1.2405277669158914
55,150,1.6,45,1.5,3.5,30,486,30.9,-0.46,1.95,49.4,7.9,661,31.3,0.42,2.41,1.6,0.6,-7.0,8.0,0.4937447014126719,0.015789767999319082
20,60,1.0,55,2.5,2.5,30,860,31.0,-1.52,1.28,-21.1,-3.7,1257,35.9,-0.6,1.5,-0.3,-0.1,-7.8,7.4,-0.2110386562348865,-0.0034261861743394295
20,60,1.0,50,1.5,3.5,60,797,27.4,-0.8,2.08,-19.7,-3.4,1163,31.0,0.61,2.55,10.1,3.1,-1.8,9.2,-0.19745988954801919,0.1011459886710464
40,60,1.6,55,2.5,3.5,30,528,35.0,-1.28,1.32,-29.8,-6.5,727,39.3,0.49,1.7,4.2,1.3,-17.3,11.5,-0.29838637061298745,0.04190809852772115
120,150,1.3,50,1.5,2.5,60,464,29.3,-1.5,1.29,-12.4,-2.1,746,31.5,-0.83,1.69,2.9,1.1,-4.4,5.3,-0.12383825990519581,0.02860241852059886
40,150,1.3,55,2.0,3.5,30,558,35.1,-0.44,1.63,26.4,3.8,780,35.9,0.37,1.93,20.2,7.5,-22.9,10.0,0.2639406456067064,0.20182895747839535
20,120,1.3,45,2.5,2.5,60,774,31.8,-1.51,1.22,-29.0,-5.3,1102,37.2,-0.61,1.41,7.1,2.4,-10.3,7.4,-0.2900363186964474,0.07091789438063167
20,120,1.0,55,2.0,2.5,30,853,32.5,-1.26,1.28,-29.4,-5.3,1245,36.3,-0.45,1.54,-15.5,-5.7,-20.7,7.1,-0.29385639560204635,-0.15506461739086808
55,120,1.6,50,1.5,2.5,60,529,28.2,-1.69,1.25,-11.3,-2.2,757,29.5,-1.36,1.55,-1.1,-0.4,-7.7,5.1,-0.11280846358491592,-0.011246928478363949
20,120,1.6,45,2.0,2.5,30,716,31.0,-1.65,1.18,-31.6,-5.8,956,35.5,-0.89,1.39,-14.8,-5.4,-16.9,6.6,-0.31566796107267403,-0.14828725802257958
40,150,1.3,50,2.0,2.5,60,623,32.1,-1.52,1.18,-14.7,-2.5,883,33.9,-1.07,1.43,-4.6,-1.9,-15.9,6.3,-0.14700110958430745,-0.04617392814968113
20,150,1.0,45,1.5,4.5,60,687,30.6,0.63,2.66,14.3,2.1,1005,30.8,1.88,3.23,19.9,7.4,-12.3,11.9,0.14347901183194622,0.19853903179230215
40,120,1.0,55,2.0,3.5,60,583,31.7,-0.51,1.88,5.7,0.9,855,37.1,0.65,1.93,40.1,12.5,-17.7,11.1,0.057320628347351965,0.401344778953322
120,150,1.6,55,2.5,3.5,30,351,37.9,-0.72,1.37,2.7,0.5,532,40.6,1.09,1.78,-11.0,-4.5,-27.4,11.9,0.02661344554579048,-0.10959667607715984
40,150,1.0,50,2.0,2.5,30,672,34.1,-1.25,1.2,-12.0,-2.0,989,34.8,-0.9,1.44,-11.9,-4.9,-11.9,6.4,-0.12030359045283456,-0.11865166681411188
120,150,1.6,55,2.0,3.5,60,350,32.6,-0.77,1.7,-6.4,-1.2,533,37.3,1.18,2.08,-2.9,-1.2,-13.6,11.3,-0.06356645607984923,-0.028938128114206152
120,120,1.0,50,2.0,4.5,60,383,36.3,1.21,2.24,13.7,2.1,646,35.6,2.29,2.6,65.9,19.2,-21.3,14.7,0.13677948415058672,0.6585029479620275
55,150,1.0,45,2.5,2.5,60,601,34.9,-1.21,1.18,-13.5,-2.3,896,34.9,-0.9,1.45,-8.7,-3.6,-15.1,6.9,-0.13495414741349665,-0.08741432245439684
40,150,1.6,50,2.0,3.5,30,506,35.0,-0.51,1.62,25.7,4.4,680,36.0,0.46,1.95,18.7,7.0,-15.0,10.1,0.25706985469206134,0.18736711524433347
55,120,1.6,50,2.5,4.5,30,427,41.9,0.45,1.52,36.8,6.1,599,38.6,1.76,2.09,50.1,15.2,-25.5,14.5,0.367683115531366,0.5008996068046705
55,60,1.3,55,2.0,3.5,30,555,34.1,-0.77,1.56,-4.8,-0.8,812,35.6,0.46,1.99,48.4,13.6,-15.4,10.3,-0.04782700910153648,0.48396196054791285
20,60,1.0,50,1.5,3.5,30,821,28.6,-0.85,1.9,-21.9,-3.9,1183,31.0,0.53,2.51,16.9,5.1,-1.8,8.8,-0.21931892768021277,0.1686151633804589
55,60,1.6,55,1.5,2.5,30,562,28.3,-1.64,1.28,-16.2,-3.3,823,29.3,-1.39,1.53,6.4,2.0,-2.6,5.1,-0.16235100185001572,0.06374311200853522
40,60,1.3,50,1.5,2.5,60,684,29.4,-1.43,1.32,-20.6,-3.6,1020,30.8,-1.04,1.61,0.3,0.1,-11.5,5.3,-0.20602173963512516,0.0032351042729226176
55,60,1.6,45,1.5,4.5,30,498,30.7,0.03,2.27,27.8,4.7,728,28.6,0.96,3.02,2.9,0.9,-13.1,9.9,0.27818854191582876,0.028945943777360483
55,60,1.6,50,2.5,2.5,30,545,30.5,-1.94,1.11,-15.4,-3.1,778,34.2,-1.41,1.27,-3.4,-1.1,-10.6,6.8,-0.15356993641289451,-0.03421361385882482
55,120,1.6,45,2.0,4.5,60,414,34.5,0.49,2.11,-2.9,-0.5,610,34.1,1.43,2.44,2.2,0.8,-32.3,14.0,-0.02867443179161211,0.02201309247904537
40,120,1.0,55,1.5,2.5,30,720,29.9,-1.39,1.29,-2.9,-0.5,1072,32.2,-0.86,1.6,1.2,0.4,-3.9,5.5,-0.029040861296291798,0.01151312727047138
55,120,1.0,50,1.5,2.5,30,646,30.3,-1.32,1.31,-7.2,-1.2,1002,31.1,-0.96,1.64,-0.4,-0.2,-5.4,5.3,-0.07248362688302323,-0.004317459041974336
120,60,1.0,55,2.5,3.5,30,446,37.9,-0.34,1.51,0.8,0.1,712,41.6,1.19,1.75,23.8,7.5,-19.7,12.1,0.007761742220420587,0.23813553718512614
55,120,1.6,55,2.5,4.5,30,427,41.9,0.45,1.52,36.8,6.1,599,38.6,1.76,2.09,50.1,15.2,-25.5,14.5,0.367683115531366,0.5008996068046705
120,60,1.6,45,2.5,3.5,60,375,32.5,-1.12,1.58,4.1,0.8,561,40.5,1.12,1.8,31.5,9.7,-17.2,12.8,0.04129288055863234,0.3150732515379977
55,150,1.3,50,2.5,4.5,60,416,42.8,1.27,1.74,35.6,4.9,613,37.8,2.24,2.29,54.1,18.6,-20.1,16.5,0.35608465803180067,0.5409136337405407
20,120,1.3,50,1.5,3.5,60,718,30.1,-0.49,2.0,-19.6,-3.4,1040,32.3,0.62,2.42,36.2,11.4,-12.8,9.1,-0.19618707149502546,0.3622745955385831
40,150,1.0,50,2.5,3.5,30,561,41.0,0.01,1.44,6.7,1.0,820,39.4,0.56,1.71,-4.1,-1.7,-27.0,11.6,0.06696959325006091,-0.04134225327017027
120,150,1.6,45,1.5,3.5,30,376,30.1,-0.65,1.92,17.2,3.0,579,32.1,0.6,2.4,1.1,0.4,-8.0,8.1,0.17223929299574436,0.01122839889341698
120,60,1.6,45,1.5,3.5,30,414,28.5,-0.85,1.95,8.2,1.5,631,30.9,0.18,2.33,6.4,2.1,-12.8,8.0,0.08192395030831578,0.06382134829267283
40,60,1.0,45,1.5,4.5,60,608,28.8,0.0,2.48,23.7,3.4,919,29.5,1.46,3.17,9.8,3.0,-18.7,11.1,0.2373398649032752,0.09757430850997184
20,60,1.6,45,2.5,4.5,60,564,34.4,-0.35,1.77,-13.2,-2.2,767,38.6,2.16,2.22,42.2,12.0,-14.6,17.1,-0.13162233808096446,0.42151740614643773
55,120,1.0,55,1.5,4.5,60,515,30.3,0.44,2.57,22.1,3.2,804,29.0,1.47,3.24,-10.8,-3.9,-21.2,10.9,0.2212132644419591,-0.10792277116390014
120,120,1.0,50,1.5,2.5,60,525,28.6,-1.43,1.39,-10.5,-1.7,884,32.8,-0.77,1.63,0.9,0.3,-4.0,5.6,-0.10474051690792652,0.008807148413557897
120,150,1.6,50,1.5,2.5,60,409,27.6,-1.72,1.29,-13.8,-2.8,630,31.1,-1.1,1.58,-2.2,-0.9,-6.0,5.2,-0.13764252148086498,-0.02198752767153289
40,60,1.6,45,2.5,2.5,60,589,29.5,-2.06,1.1,-17.2,-3.5,823,34.6,-1.36,1.26,-7.1,-2.3,-12.3,6.9,-0.17197598229630218,-0.07053277554550408
20,120,1.3,50,1.5,2.5,30,830,28.8,-1.48,1.32,-26.9,-4.8,1181,32.3,-0.66,1.69,1.5,0.5,-4.2,5.6,-0.2690840731490858,0.015212695427589074
55,120,1.0,55,1.5,3.5,30,578,29.9,-0.41,2.06,22.7,3.3,878,31.5,0.44,2.39,-3.7,-1.3,-7.2,8.2,0.22682671622920525,-0.03663030790779587
40,120,1.0,55,2.5,3.5,60,546,36.3,-0.19,1.68,8.6,1.3,827,39.3,0.62,1.74,22.7,7.4,-19.7,12.5,0.08603936465255702,0.22694869596173617
55,120,1.3,55,2.5,2.5,60,569,31.5,-1.63,1.15,-12.1,-2.0,837,35.4,-1.06,1.35,-6.8,-2.4,-16.3,6.7,-0.12056267623221972,-0.06772041921879013
40,120,1.3,50,1.5,4.5,60,531,29.9,0.44,2.61,1.1,0.2,803,29.5,1.43,3.15,1.2,0.4,-11.9,10.7,0.011470910136377466,0.011575437312687287
120,150,1.0,45,2.5,4.5,60,340,42.1,1.73,1.89,5.7,0.9,576,39.9,3.0,2.31,103.9,32.5,-23.4,17.3,0.0566587653138626,1.0389039523929737
55,120,1.6,55,2.0,4.5,30,441,37.2,0.46,1.87,25.7,4.4,624,35.3,1.62,2.4,13.0,4.3,-19.6,12.5,0.2568782398553979,0.13021133715733368
120,120,1.3,55,2.0,3.5,30,421,33.0,-0.73,1.67,-3.3,-0.5,673,37.3,0.87,1.99,-5.9,-2.1,-15.4,10.3,-0.032595190205219726,-0.05947681248431891
55,120,1.3,45,2.5,4.5,60,426,39.7,0.77,1.78,9.1,1.4,652,36.7,1.79,2.27,8.7,2.9,-24.1,16.2,0.09096736684184492,0.0869607219946209
120,150,1.6,45,2.5,2.5,60,396,30.1,-2.04,1.1,-22.8,-4.8,597,35.7,-1.07,1.34,-11.0,-4.5,-11.8,6.9,-0.22822022987962887,-0.11040974545928794
120,120,1.3,55,2.0,2.5,60,471,30.1,-1.74,1.18,-16.2,-2.8,758,35.6,-0.82,1.43,2.5,0.9,-4.4,6.4,-0.16211887093591448,0.024920404046321343
55,60,1.3,55,1.5,4.5,30,546,32.4,0.16,2.17,30.5,4.3,833,29.1,1.19,3.1,14.5,4.5,-4.3,9.9,0.30536256081061075,0.14546309356941145
55,150,1.6,55,2.0,4.5,30,433,39.5,0.84,1.85,35.2,5.9,595,35.6,1.91,2.46,49.3,17.2,-12.4,12.7,0.35197571159196883,0.493043488159725
120,120,1.6,45,2.5,4.5,60,320,36.9,0.63,1.92,-5.9,-1.1,521,38.0,1.96,2.18,13.7,4.6,-31.2,16.7,-0.05876602590205038,0.1368607501868795
40,120,1.3,45,2.5,4.5,60,461,40.8,1.02,1.79,2.5,0.4,703,37.3,1.81,2.22,13.1,4.4,-24.3,16.2,0.02490399970603563,0.13050210212492064
20,60,1.6,50,2.0,2.5,30,723,29.0,-1.85,1.22,-22.2,-3.9,976,34.5,-0.99,1.4,2.7,0.8,-5.5,6.7,-0.22224134080281033,0.026594426837434515
120,60,1.0,50,1.5,2.5,30,547,29.3,-1.31,1.42,-16.5,-2.8,908,32.0,-0.85,1.64,-1.6,-0.5,-7.1,5.5,-0.16518239037364613,-0.016063114671316048
20,120,1.0,50,1.5,2.5,30,900,29.1,-1.35,1.38,-20.0,-3.5,1308,33.4,-0.51,1.7,4.4,1.5,-3.8,6.0,-0.20006109389534332,0.04376493958658689
120,150,1.3,55,2.0,4.5,30,371,38.5,1.04,1.98,46.2,6.2,590,37.3,2.36,2.45,146.6,42.9,-14.3,13.0,0.4623332254961223,1.4658997546094983
20,120,1.3,55,1.5,3.5,30,741,31.4,-0.51,1.86,-11.2,-1.9,1054,32.4,0.56,2.38,29.0,9.3,-13.1,8.6,-0.11166234808069841,0.2900766644528019
120,60,1.0,50,2.0,2.5,30,524,32.8,-1.25,1.28,-6.9,-1.1,858,35.9,-0.69,1.47,-11.2,-3.9,-11.2,6.7,-0.06868891720206705,-0.11188516205357646
20,120,1.0,55,2.5,4.5,60,596,41.1,1.29,1.85,34.0,4.7,906,38.5,2.33,2.29,47.4,14.4,-21.2,17.5,0.34002621042432346,0.47354192952253205
40,120,1.3,55,2.5,3.5,30,538,38.8,-0.23,1.48,39.8,5.5,785,39.2,0.38,1.67,1.8,0.6,-24.2,11.5,0.39768094710641244,0.017790249283458515
55,120,1.6,55,1.5,3.5,60,480,27.3,-0.72,2.15,18.2,3.2,687,30.3,0.24,2.43,-1.9,-0.7,-11.4,8.3,0.18213626856097798,-0.01933721483315598
40,60,1.3,45,2.0,2.5,60,662,31.3,-1.56,1.2,-13.4,-2.3,967,34.4,-1.01,1.41,-7.9,-2.6,-20.6,6.5,-0.13406841896352506,-0.07941501651818283
20,120,1.3,55,1.5,4.5,30,701,32.7,0.34,2.26,16.3,2.4,996,30.6,1.69,3.16,34.8,10.9,-15.7,10.5,0.16316658297600806,0.3479171612763705
20,60,1.3,55,1.5,4.5,30,728,29.3,-0.3,2.23,3.3,0.5,1018,30.6,1.76,3.21,44.6,12.6,-2.5,10.5,0.0326863783950162,0.44567316835648696
40,60,1.0,55,2.5,2.5,60,701,33.1,-1.49,1.16,-16.8,-2.9,1060,35.8,-0.89,1.39,-4.3,-1.4,-12.1,7.2,-0.1682075641535511,-0.042872436543750725
20,150,1.0,45,2.5,2.5,30,818,34.1,-1.24,1.23,-17.4,-3.0,1194,36.3,-0.51,1.51,0.5,0.2,-8.8,7.4,-0.17382114108637092,0.00513025133496825
55,60,1.6,55,1.5,2.5,60,558,28.3,-1.65,1.28,-16.2,-3.3,820,29.1,-1.39,1.54,6.4,2.0,-2.6,5.2,-0.16235100185001572,0.06374311200853522
20,60,1.3,45,2.0,4.5,60,638,32.0,-0.21,2.03,-3.0,-0.5,890,36.1,2.45,2.66,17.8,5.4,-10.2,15.4,-0.030096852370845473,0.17775239327250536
20,150,1.6,55,2.0,2.5,30,689,32.5,-1.54,1.16,-29.2,-5.3,927,35.1,-0.86,1.43,-14.2,-5.9,-17.1,6.6,-0.292299012326788,-0.1421709855012534
20,150,1.0,50,2.5,2.5,30,818,34.1,-1.24,1.23,-17.4,-3.0,1194,36.3,-0.51,1.51,0.5,0.2,-8.8,7.4,-0.17382114108637092,0.00513025133496825
40,120,1.6,50,1.5,2.5,30,598,28.1,-1.69,1.23,-11.4,-2.3,818,30.9,-1.18,1.52,8.8,3.0,-7.6,5.1,-0.11406190629158686,0.08791111521308803
20,150,1.6,45,1.5,4.5,60,592,30.6,0.61,2.64,11.4,1.7,810,31.1,1.82,3.14,-2.3,-0.9,-18.4,11.6,0.11416932785412381,-0.02284546302271373
55,150,1.6,55,2.5,2.5,30,511,32.1,-1.7,1.11,-14.8,-3.0,686,34.5,-1.33,1.3,-18.3,-7.7,-18.9,6.7,-0.14794106995455925,-0.18320359672604647
20,120,1.6,45,2.0,3.5,60,603,34.0,-0.44,1.74,-31.8,-5.8,833,37.0,0.99,2.08,41.8,12.9,-15.6,11.5,-0.31775931355416565,0.41801020146443757
55,150,1.3,45,1.5,2.5,30,592,31.1,-1.33,1.26,-8.0,-1.3,852,30.2,-1.07,1.66,1.8,0.7,-5.4,5.1,-0.08048133988934703,0.017900507031460178
55,120,1.6,45,2.5,4.5,60,396,38.4,0.59,1.81,-0.7,-0.1,583,37.2,1.66,2.17,27.7,8.9,-35.4,16.2,-0.00673477106049325,0.2771881163984198
40,60,1.0,45,1.5,2.5,60,739,30.0,-1.33,1.34,-18.7,-3.2,1135,31.7,-0.92,1.6,1.8,0.6,-6.9,5.7,-0.1870434888110094,0.01767523368142543
120,150,1.0,55,1.5,3.5,30,447,30.9,-0.28,2.07,12.6,1.9,732,32.4,0.9,2.52,28.8,10.5,-10.6,8.3,0.1261560404480968,0.2883489442004279
40,60,1.3,55,2.0,3.5,60,584,31.3,-1.0,1.65,-6.6,-1.1,836,35.6,0.57,2.02,61.6,16.7,-17.0,11.0,-0.06564643456726005,0.6155428592463448
40,60,1.6,45,1.5,2.5,30,615,27.6,-1.69,1.29,-14.9,-3.0,870,30.2,-1.29,1.5,3.1,1.0,-2.6,5.2,-0.14925593590765518,0.0306466309899589
55,120,1.6,45,2.5,4.5,30,427,41.9,0.45,1.52,36.8,6.1,599,38.6,1.76,2.09,50.1,15.2,-25.5,14.5,0.367683115531366,0.5008996068046705
55,120,1.3,45,2.5,2.5,30,574,31.7,-1.61,1.15,-15.2,-2.6,842,35.4,-1.09,1.34,-8.4,-3.0,-15.6,6.6,-0.15190530672752744,-0.08448123655122575
20,150,1.6,45,2.0,2.5,30,690,32.3,-1.56,1.16,-29.9,-5.4,927,35.1,-0.89,1.41,-18.3,-7.7,-20.9,6.6,-0.2987505733371707,-0.18293923176043714
55,120,1.3,50,2.5,2.5,30,574,31.7,-1.61,1.15,-15.2,-2.6,842,35.4,-1.09,1.34,-8.4,-3.0,-15.6,6.6,-0.15190530672752744,-0.08448123655122575
120,120,1.0,50,2.0,4.5,30,418,38.3,0.89,1.95,47.2,6.3,675,37.6,2.41,2.44,61.0,18.0,-19.9,13.1,0.4722313040627659,0.6100808122424706
20,60,1.6,55,2.5,4.5,60,564,34.4,-0.35,1.77,-13.2,-2.2,767,38.6,2.16,2.22,42.2,12.0,-14.6,17.1,-0.13162233808096446,0.42151740614643773
55,120,1.3,55,2.5,4.5,30,464,42.7,0.53,1.51,57.4,7.5,683,38.5,1.65,2.07,35.1,11.0,-27.6,14.5,0.5737561703795531,0.3507026806578881
55,60,1.6,55,2.5,2.5,60,540,30.6,-1.96,1.1,-21.3,-4.4,774,34.2,-1.38,1.29,-3.4,-1.1,-10.6,6.9,-0.21266459057376874,-0.03421361385882482
55,120,1.6,55,1.5,4.5,60,443,29.3,0.3,2.59,20.3,3.5,657,28.3,1.09,3.12,-4.1,-1.5,-19.0,10.5,0.20283578899935284,-0.04124094331991557
120,60,1.3,45,2.5,2.5,30,490,31.8,-1.66,1.16,-16.9,-2.9,760,37.0,-0.74,1.38,-7.8,-2.7,-12.5,6.9,-0.16908537701606108,-0.07822502793622721
20,150,1.0,50,1.5,3.5,60,751,29.8,-0.44,2.06,-9.4,-1.6,1086,33.8,0.89,2.4,31.3,11.4,-7.7,9.5,-0.09432707475289792,0.31328806719755087
40,120,1.0,45,2.0,3.5,30,605,34.0,-0.43,1.72,10.8,1.6,877,37.5,0.6,1.88,7.5,2.5,-21.8,10.4,0.10796499487655464,0.07506662780107942
55,150,1.0,55,2.0,3.5,30,536,37.3,-0.12,1.63,46.4,6.2,787,36.5,0.68,1.99,12.4,4.7,-17.7,10.2,0.46375533778267375,0.12392241391012271
120,120,1.6,55,1.5,3.5,60,385,27.3,-0.8,2.12,-6.5,-1.3,612,31.0,0.35,2.4,3.7,1.3,-7.5,8.5,-0.06492247827697362,0.03664219418620851
20,150,1.0,50,2.0,4.5,60,617,37.1,1.07,2.14,15.5,2.3,911,36.6,2.44,2.62,75.2,24.8,-18.2,15.6,0.15485939687278316,0.7516303681940555
20,120,1.3,45,1.5,4.5,30,702,32.6,0.34,2.26,16.3,2.4,996,30.6,1.69,3.17,34.8,10.9,-15.7,10.5,0.16316658297600806,0.3479171612763705
40,60,1.6,45,2.0,4.5,30,519,34.3,-0.23,1.82,1.3,0.2,714,36.4,1.65,2.32,3.1,1.0,-11.2,12.9,0.013111647305806384,0.03067862756763562
20,120,1.6,50,2.0,3.5,60,603,34.0,-0.44,1.74,-31.8,-5.8,833,37.0,0.99,2.08,41.8,12.9,-15.6,11.5,-0.31775931355416565,0.41801020146443757
55,60,1.6,50,2.5,3.5,60,469,33.9,-1.18,1.44,-0.4,-0.1,671,38.0,0.65,1.84,8.5,2.7,-21.9,12.5,-0.0037400704036690824,0.08494469517249614
40,120,1.0,50,1.5,4.5,30,603,33.2,0.51,2.31,27.1,3.9,886,31.4,1.53,2.95,6.6,2.2,-19.1,10.1,0.27091410158729823,0.0658501538517493
55,150,1.0,50,1.5,4.5,30,536,35.1,0.7,2.22,60.8,7.8,799,30.0,1.51,3.11,36.9,13.2,-8.2,9.9,0.6081336811205118,0.3691543134488482
20,120,1.0,50,2.5,2.5,60,833,32.5,-1.35,1.26,-30.9,-5.7,1222,37.2,-0.44,1.49,-6.1,-2.2,-14.3,7.6,-0.3085965495323201,-0.06119941177423127
40,150,1.3,45,2.0,3.5,60,538,33.1,-0.5,1.77,4.3,0.7,761,35.5,0.47,2.0,41.7,14.8,-14.6,10.7,0.04264644860205791,0.417134566374072
120,120,1.3,55,1.5,3.5,60,428,26.9,-0.73,2.21,-6.8,-1.1,713,31.4,0.59,2.48,7.0,2.4,-6.4,8.4,-0.06756027453069235,0.06966148591784282
120,120,1.0,50,1.5,4.5,60,416,30.0,0.73,2.76,40.9,5.6,712,30.1,1.78,3.22,4.1,1.4,-18.0,11.2,0.40923338912095053,0.040696966142654833
20,120,1.0,45,2.0,3.5,30,741,37.1,-0.32,1.55,-11.3,-1.9,1063,38.2,1.03,2.0,34.7,10.9,-17.2,11.3,-0.11347741082272156,0.3474465144898866
55,150,1.6,50,1.5,4.5,30,459,33.6,0.68,2.35,57.6,9.0,634,30.1,1.53,3.09,-15.7,-6.5,-18.0,9.9,0.5761785049276209,-0.15718195278180858
20,120,1.6,50,1.5,4.5,60,610,30.0,0.46,2.62,23.7,3.4,839,30.6,1.69,3.14,1.9,0.6,-19.1,11.6,0.23730838204665283,0.018557173639347058
20,150,1.6,55,2.5,2.5,60,671,32.8,-1.62,1.14,-25.4,-4.5,910,36.3,-0.84,1.37,-18.8,-7.9,-18.8,7.2,-0.2535497935577551,-0.18786944028431085
120,120,1.0,50,1.5,4.5,30,443,32.3,0.6,2.43,54.0,7.1,737,31.3,1.69,3.01,29.8,9.5,-8.4,10.3,0.5401746604534015,0.29809892405782534
55,120,1.6,55,2.0,4.5,60,414,34.5,0.49,2.11,-2.9,-0.5,610,34.1,1.43,2.44,2.2,0.8,-32.3,14.0,-0.02867443179161211,0.02201309247904537
20,150,1.6,50,2.5,3.5,60,551,39.4,0.05,1.56,12.3,1.8,779,39.9,1.14,1.87,24.3,9.0,-24.4,12.9,0.12342486704803934,0.24295577999191997
55,60,1.3,55,2.5,2.5,30,614,31.8,-1.64,1.16,-14.2,-2.4,905,35.1,-1.07,1.35,-2.4,-0.8,-14.1,6.8,-0.1418091585811755,-0.023800213687286687
55,120,1.3,55,1.5,4.5,60,481,29.9,0.35,2.56,9.2,1.4,753,27.8,1.2,3.28,-13.1,-4.8,-13.1,10.5,0.09201036370259086,-0.13142957111205722
20,120,1.3,45,1.5,3.5,60,718,30.1,-0.49,2.0,-19.6,-3.4,1040,32.3,0.62,2.42,36.2,11.4,-12.8,9.1,-0.19618707149502546,0.3622745955385831
40,150,1.0,50,2.5,4.5,30,524,46.0,1.18,1.51,46.9,6.3,761,40.1,2.03,2.05,18.8,7.1,-26.8,14.6,0.46902111764868115,0.18837950498465705
40,150,1.0,55,1.5,3.5,30,630,30.6,-0.4,2.0,9.6,1.5,908,31.8,0.38,2.34,6.2,2.4,-5.9,8.1,0.09606807547956664,0.062481350043372075
120,150,1.0,50,2.5,4.5,30,379,44.9,1.32,1.59,59.2,7.7,611,41.7,2.85,2.13,188.9,52.1,-22.0,15.3,0.5918238180536852,1.889369937358246
40,60,1.6,45,2.0,2.5,60,593,29.5,-1.87,1.17,-18.2,-3.7,832,33.5,-1.31,1.33,-6.6,-2.2,-12.9,6.5,-0.1823760813579608,-0.06639165162093086
20,120,1.0,45,2.5,4.5,30,665,43.8,0.76,1.52,36.9,5.1,967,39.8,2.23,2.16,83.6,23.5,-24.8,15.5,0.36944339764459655,0.8357577105124354
55,150,1.3,50,2.5,2.5,60,564,33.3,-1.45,1.15,-10.2,-1.7,797,34.4,-1.13,1.39,-6.8,-2.7,-11.5,6.7,-0.10166962726097628,-0.067581906579393
20,120,1.0,45,1.5,2.5,30,900,29.1,-1.35,1.38,-20.0,-3.5,1308,33.4,-0.51,1.7,4.4,1.5,-3.8,6.0,-0.20006109389534332,0.04376493958658689
40,60,1.3,55,1.5,2.5,30,688,29.5,-1.42,1.31,-16.6,-2.8,1024,30.8,-1.04,1.61,-2.6,-0.8,-10.5,5.3,-0.16620519684316426,-0.026114785825112508
55,60,1.0,50,2.5,4.5,60,497,38.2,0.13,1.66,6.5,1.0,752,37.5,2.04,2.28,39.8,11.4,-15.5,17.0,0.06456259061631808,0.3977638809903681
55,60,1.3,45,2.5,4.5,30,504,42.1,0.09,1.4,-11.5,-1.9,738,39.3,1.69,2.02,40.9,11.7,-15.7,14.8,-0.1148091109070104,0.4085680716740083
55,120,1.6,55,2.0,3.5,30,466,33.7,-0.65,1.65,0.4,0.1,653,36.1,0.57,1.97,-26.6,-10.2,-26.6,10.2,0.0035288703213280925,-0.2659939092963851
40,60,1.0,50,1.5,3.5,30,674,28.9,-0.71,1.96,0.8,0.1,1010,31.0,0.28,2.38,10.7,3.3,-4.1,8.2,0.007564376906412429,0.10723535025050857
55,120,1.3,55,2.0,4.5,30,481,37.6,0.49,1.85,25.5,3.7,712,35.0,1.53,2.41,-22.5,-8.5,-34.1,12.4,0.2548434572753764,-0.22534509283789406
20,150,1.0,50,2.0,3.5,30,719,37.0,-0.26,1.59,5.3,0.8,1032,38.7,1.15,2.01,36.2,13.0,-16.5,11.2,0.0530667331414576,0.3624148794821995
20,60,1.0,55,1.5,2.5,30,906,27.9,-1.39,1.47,-26.3,-4.7,1344,32.1,-0.7,1.69,24.8,7.4,-2.8,5.9,-0.2628065180159649,0.2483719624629479
120,150,1.0,45,2.0,4.5,60,356,39.0,1.79,2.22,72.7,9.1,604,36.3,2.64,2.65,79.4,26.0,-20.5,14.8,0.7271859855165455,0.7936731310425278
120,150,1.6,55,1.5,2.5,30,413,27.6,-1.72,1.28,-13.8,-2.8,633,31.3,-1.1,1.56,-2.2,-0.9,-6.0,5.1,-0.13764252148086498,-0.02198752767153289
20,150,1.6,55,2.5,3.5,60,548,39.6,0.15,1.58,12.3,1.8,779,39.9,1.12,1.86,24.3,9.0,-24.4,12.9,0.12342486704803934,0.24295577999191997
20,150,1.3,45,1.5,4.5,60,640,30.6,0.59,2.63,14.9,2.2,930,30.3,1.83,3.28,48.3,16.8,-14.5,11.5,0.1490999646811464,0.4825829857015054
40,150,1.3,50,2.5,4.5,30,491,45.4,1.14,1.53,25.6,3.7,703,39.5,1.83,2.04,16.3,6.2,-18.6,14.4,0.25586972228959737,0.16342681482462784
20,120,1.3,55,2.5,4.5,60,557,41.8,1.33,1.81,29.3,4.1,852,37.4,2.09,2.31,67.4,19.6,-14.3,17.2,0.2928091996901496,0.6741524443659552
20,60,1.0,45,2.5,4.5,30,703,40.1,-0.12,1.45,-6.0,-1.0,989,39.8,2.24,2.16,102.6,25.4,-16.8,15.5,-0.06041516471039954,1.0262459559969956
40,150,1.0,55,2.0,3.5,30,592,35.8,-0.3,1.65,12.7,1.9,852,36.5,0.52,1.93,17.4,6.5,-26.3,10.2,0.12684910291868623,0.17358151439045244
120,120,1.0,45,2.5,2.5,60,501,31.9,-1.49,1.23,-11.6,-1.9,824,37.3,-0.57,1.44,7.2,2.5,-8.8,7.1,-0.11607240930309892,0.07238350602987764
40,60,1.3,50,1.5,2.5,30,688,29.5,-1.42,1.31,-16.6,-2.8,1024,30.8,-1.04,1.61,-2.6,-0.8,-10.5,5.3,-0.16620519684316426,-0.026114785825112508
40,60,1.3,50,2.5,3.5,60,558,34.8,-1.0,1.44,-1.4,-0.2,804,38.3,0.6,1.8,44.1,12.5,-10.7,12.4,-0.013623698797659012,0.44060591972363783
55,150,1.3,55,1.5,3.5,60,517,30.0,-0.36,2.09,11.1,1.7,755,31.0,0.5,2.49,16.7,6.3,-7.1,8.3,0.1110590356521235,0.1672120809513149
40,120,1.3,45,2.0,4.5,60,494,35.8,0.67,2.08,-9.3,-1.5,731,34.9,1.88,2.55,18.0,5.9,-27.0,14.2,-0.09344558885869647,0.18034571749651418
20,60,1.6,45,2.0,4.5,60,594,30.6,-0.5,2.02,-3.6,-0.6,789,36.1,2.17,2.54,12.7,3.9,-13.7,15.2,-0.03622862864665832,0.12694108899950485
20,120,1.6,50,1.5,3.5,60,655,29.8,-0.59,1.98,-20.4,-3.5,895,32.3,0.62,2.42,6.9,2.4,-14.8,8.9,-0.20356300829210883,0.06934056961004953
20,60,1.0,45,2.5,2.5,60,849,31.0,-1.54,1.27,-21.3,-3.7,1246,35.9,-0.6,1.5,1.9,0.6,-6.7,7.6,-0.21287484282846292,0.018704057877203972
120,60,1.6,45,2.0,4.5,30,375,35.7,0.43,1.97,9.9,1.8,568,36.3,1.78,2.37,11.3,3.7,-22.3,13.1,0.09940975649205042,0.11321106015287041
40,120,1.3,45,2.5,2.5,30,632,32.0,-1.61,1.13,-9.7,-1.6,915,36.3,-1.06,1.29,-4.0,-1.4,-13.4,6.6,-0.09701112548366098,-0.04041967960118076
55,60,1.6,45,2.5,3.5,60,469,33.9,-1.18,1.44,-0.4,-0.1,671,38.0,0.65,1.84,8.5,2.7,-21.9,12.5,-0.0037400704036690824,0.08494469517249614
40,120,1.0,55,1.5,2.5,60,713,29.6,-1.41,1.3,-2.9,-0.5,1068,32.3,-0.85,1.6,0.7,0.2,-3.9,5.6,-0.029040861296291798,0.0068000012440754265
40,120,1.0,55,1.5,3.5,60,624,27.4,-0.57,2.23,3.7,0.6,927,32.4,0.41,2.29,18.1,6.0,-7.5,8.7,0.03660355452604436,0.18136588912585982
20,120,1.0,45,2.0,2.5,30,854,32.6,-1.27,1.28,-29.4,-5.3,1246,36.4,-0.45,1.53,-15.5,-5.7,-20.7,7.1,-0.29385639560204635,-0.15506461739086808
40,150,1.0,45,1.5,3.5,60,612,28.9,-0.47,2.13,7.3,1.1,891,32.0,0.47,2.37,19.3,7.2,-9.9,8.6,0.0728220520259899,0.1930972773606412
40,120,1.3,55,1.5,4.5,60,531,29.9,0.44,2.61,1.1,0.2,803,29.5,1.43,3.15,1.2,0.4,-11.9,10.7,0.011470910136377466,0.011575437312687287
55,150,1.3,50,2.0,4.5,30,470,40.6,0.95,1.81,29.6,4.2,675,35.1,1.78,2.48,20.5,7.7,-16.3,12.5,0.29574865983072396,0.20521439946834175
120,120,1.3,55,1.5,4.5,30,410,31.5,0.48,2.44,45.6,6.1,685,30.5,1.52,3.04,15.0,5.0,-15.1,10.0,0.45623605526914335,0.15024880691874287
120,150,1.0,55,2.0,4.5,30,393,40.5,1.36,1.95,67.5,8.5,634,37.9,2.67,2.5,156.3,45.1,-17.6,13.2,0.6750471555391835,1.5631782902841835
55,150,1.6,45,2.0,3.5,30,462,35.9,-0.42,1.59,29.9,5.1,624,36.2,0.69,2.01,4.4,1.7,-16.0,10.2,0.29851986155295385,0.044089688544566075
40,120,1.0,55,1.5,4.5,60,567,30.3,0.49,2.6,0.3,0.1,854,30.6,1.66,3.12,0.3,0.1,-16.2,11.1,0.003407277946773979,0.0026413578654493897
120,120,1.0,50,2.0,2.5,30,508,31.5,-1.39,1.28,-10.7,-1.8,845,36.2,-0.68,1.46,-2.0,-0.7,-4.5,6.6,-0.1068725279483086,-0.02038335768333599
55,60,1.3,55,1.5,2.5,60,629,29.6,-1.4,1.33,-18.2,-3.1,967,29.9,-1.11,1.64,7.3,2.3,-4.3,5.3,-0.18202739850457683,0.0730767841334865
20,150,1.6,50,1.5,4.5,30,625,32.5,0.55,2.39,11.1,1.7,825,31.8,1.92,3.11,-9.4,-3.8,-14.5,10.6,0.11098769310793499,-0.09384113262929061
120,60,1.3,55,2.5,3.5,30,425,37.2,-0.63,1.44,9.7,1.5,655,42.1,1.08,1.68,26.2,8.2,-14.7,11.9,0.09699672798238668,0.2620019330015144
55,120,1.3,50,1.5,4.5,30,506,32.8,0.45,2.3,59.3,7.7,771,28.9,1.15,3.08,-13.3,-4.8,-13.3,9.7,0.5932340228515043,-0.13265719709492851
20,150,1.6,55,2.5,3.5,30,584,41.4,-0.07,1.39,-2.6,-0.4,800,40.1,0.97,1.8,35.6,12.8,-20.7,12.0,-0.02612741951064501,0.35626143676768884
20,150,1.0,50,2.5,2.5,60,806,33.7,-1.28,1.23,-11.2,-1.9,1185,36.5,-0.5,1.51,-7.8,-3.2,-12.4,7.5,-0.11174416082028482,-0.07844717724689576
55,60,1.0,50,1.5,2.5,60,681,30.4,-1.27,1.36,-16.6,-2.8,1081,31.0,-0.99,1.63,5.6,1.8,-5.9,5.6,-0.16625118197215338,0.056464905807362076
120,120,1.3,45,2.0,4.5,60,363,34.4,0.86,2.26,18.4,2.7,609,35.0,2.09,2.6,22.4,7.3,-19.1,14.4,0.18376317481597937,0.22425804622689705
55,60,1.6,50,1.5,4.5,60,474,28.9,-0.06,2.42,46.6,7.5,717,27.2,0.86,3.17,-3.5,-1.1,-13.8,10.8,0.46645370416763976,-0.03459332417362626
55,120,1.0,50,2.5,2.5,60,609,33.2,-1.35,1.2,-18.7,-3.2,931,35.6,-0.84,1.44,-10.1,-3.6,-19.5,6.9,-0.18742780642400025,-0.10070938147308794
40,60,1.0,50,2.0,3.5,60,620,31.8,-0.84,1.7,9.2,1.4,912,35.7,0.62,2.04,26.2,7.8,-18.1,11.1,0.09226176977256384,0.26246547575416224
120,120,1.6,45,2.5,3.5,30,367,36.8,-0.94,1.36,-11.6,-2.3,567,40.9,0.93,1.71,6.0,2.1,-21.2,11.8,-0.11648467359642756,0.060312641692987556
55,150,1.3,45,2.5,2.5,30,569,33.6,-1.43,1.14,-7.3,-1.2,802,34.4,-1.15,1.38,-6.8,-2.7,-11.5,6.6,-0.0731954993815972,-0.067581906579393
55,120,1.0,45,1.5,4.5,30,546,33.0,0.46,2.29,36.6,5.1,833,30.0,1.34,3.03,2.6,0.9,-11.1,9.9,0.3661118832705259,0.025757208605115656
20,60,1.0,50,1.5,2.5,60,898,27.8,-1.42,1.46,-27.0,-4.9,1338,32.1,-0.7,1.7,15.6,4.8,-4.0,6.0,-0.27049877640559705,0.15592436877199
120,150,1.6,55,1.5,4.5,60,331,31.7,1.05,2.72,33.2,5.6,547,30.0,1.62,3.13,1.6,0.6,-8.9,11.2,0.3318931020001814,0.015707376981085153
55,120,1.3,45,2.5,4.5,30,464,42.7,0.53,1.51,57.4,7.5,683,38.5,1.65,2.07,35.1,11.0,-27.6,14.5,0.5737561703795531,0.3507026806578881
120,60,1.3,55,2.0,4.5,60,381,35.2,0.74,2.15,2.7,0.4,613,35.2,2.1,2.59,5.7,1.9,-17.1,14.8,0.027154500153390382,0.05722589712314119
120,60,1.0,50,2.5,3.5,30,446,37.9,-0.34,1.51,0.8,0.1,712,41.6,1.19,1.75,23.8,7.5,-19.7,12.1,0.007761742220420587,0.23813553718512614
120,120,1.6,45,2.0,3.5,60,369,30.4,-1.04,1.76,-9.6,-1.9,574,36.4,0.87,2.06,-24.2,-9.2,-25.7,11.0,-0.09611371827764381,-0.2423074607843606
120,60,1.3,55,2.0,3.5,30,441,32.9,-0.74,1.67,-10.1,-1.7,680,37.9,0.85,1.93,33.8,10.4,-17.5,10.4,-0.10071341656404953,0.3381246248063716
40,60,1.6,50,2.5,2.5,60,589,29.5,-2.06,1.1,-17.2,-3.5,823,34.6,-1.36,1.26,-7.1,-2.3,-12.3,6.9,-0.17197598229630218,-0.07053277554550408
40,120,1.0,55,1.5,4.5,30,603,33.2,0.51,2.31,27.1,3.9,886,31.4,1.53,2.95,6.6,2.2,-19.1,10.1,0.27091410158729823,0.0658501538517493
120,120,1.6,55,2.0,2.5,60,416,28.6,-2.01,1.17,-18.3,-3.8,646,34.5,-1.19,1.36,-8.1,-2.9,-12.3,6.4,-0.18339392216187944,-0.08084066978412119
120,60,1.6,55,1.5,2.5,60,447,27.5,-1.73,1.29,-12.3,-2.4,685,30.4,-1.28,1.53,3.5,1.2,-6.9,5.3,-0.12258263772684597,0.035076214461803534
120,60,1.6,55,1.5,4.5,60,370,29.7,0.47,2.64,16.7,3.0,599,28.2,1.05,3.11,-15.4,-5.5,-23.1,10.9,0.16691827925579794,-0.15409200917450583
20,120,1.6,45,1.5,4.5,60,610,30.0,0.46,2.62,23.7,3.4,839,30.6,1.69,3.14,1.9,0.6,-19.1,11.6,0.23730838204665283,0.018557173639347058
20,120,1.3,50,2.0,4.5,30,656,38.1,0.43,1.8,7.6,1.2,925,36.2,2.09,2.52,46.9,14.3,-26.7,13.5,0.0764776971691481,0.4689861659094128
120,120,1.0,45,1.5,4.5,30,443,32.3,0.6,2.43,54.0,7.1,737,31.3,1.69,3.01,29.8,9.5,-8.4,10.3,0.5401746604534015,0.29809892405782534
40,60,1.3,50,1.5,4.5,30,596,30.9,-0.0,2.24,14.4,2.2,871,30.7,1.43,3.01,14.5,4.5,-4.3,10.1,0.14437166473158514,0.14546309356941145
20,150,1.0,55,1.5,2.5,60,860,29.9,-1.31,1.37,-11.6,-1.9,1259,33.4,-0.5,1.71,-3.7,-1.5,-6.6,6.1,-0.11597933562199514,-0.03720562508573788
40,150,1.0,55,1.5,4.5,60,555,31.5,0.62,2.54,20.2,3.0,822,30.7,1.79,3.17,53.0,18.3,-10.4,11.0,0.2018234442623441,0.5300647768138886
120,150,1.0,55,1.5,4.5,30,420,33.6,0.89,2.44,35.9,5.0,692,31.6,1.97,3.09,38.7,13.8,-8.8,10.4,0.35887232469638985,0.3871613511165177
40,150,1.0,50,2.5,2.5,30,664,34.5,-1.31,1.16,-15.7,-2.7,979,35.2,-0.97,1.4,-9.8,-4.0,-9.9,6.8,-0.15717287767358457,-0.09754490224174228
20,150,1.0,45,1.5,4.5,30,735,33.2,0.46,2.28,13.6,2.0,1045,31.3,1.75,3.1,29.7,10.8,-18.7,10.9,0.1360168805094515,0.29683849583810695
55,150,1.0,45,2.5,3.5,60,492,39.4,0.02,1.54,9.3,1.4,729,39.4,0.94,1.82,-20.9,-8.9,-28.0,12.6,0.09293160752333107,-0.20911545402638265
40,60,1.6,45,2.5,3.5,30,528,35.0,-1.28,1.32,-29.8,-6.5,727,39.3,0.49,1.7,4.2,1.3,-17.3,11.5,-0.29838637061298745,0.04190809852772115
55,60,1.0,50,2.0,2.5,30,660,32.7,-1.29,1.26,-11.5,-1.9,1030,34.4,-0.95,1.44,-10.7,-3.6,-17.0,6.6,-0.11532819564254959,-0.10704107946688868
120,150,1.0,45,2.5,2.5,30,483,33.3,-1.39,1.2,-14.0,-2.4,787,36.3,-0.65,1.47,-6.9,-2.8,-7.1,6.9,-0.14015492911538074,-0.06907232255861517
55,60,1.3,55,2.0,2.5,30,616,31.5,-1.52,1.21,-10.7,-1.8,920,33.7,-1.09,1.43,-12.9,-4.4,-19.7,6.4,-0.10709172488110175,-0.12941070475498773
20,150,1.3,45,1.5,2.5,30,801,30.0,-1.38,1.31,-12.9,-2.2,1138,32.2,-0.65,1.71,4.3,1.7,-4.5,5.6,-0.1291368719345931,0.043480294015630916
55,60,1.0,45,2.5,2.5,30,657,33.0,-1.4,1.21,-13.7,-2.3,1015,35.2,-0.94,1.41,-4.4,-1.4,-13.0,7.0,-0.1369570765138427,-0.044153835554733734
55,60,1.6,50,1.5,3.5,30,520,29.0,-0.91,1.83,-3.3,-0.6,757,29.5,-0.01,2.39,13.6,4.2,-4.3,8.0,-0.03290222826716216,0.13566996939863785
40,120,1.6,55,2.0,2.5,30,575,30.1,-1.79,1.14,-12.4,-2.5,788,34.3,-1.27,1.32,-15.1,-5.6,-19.3,6.1,-0.12403157959573974,-0.15140805252404976
55,60,1.3,55,1.5,3.5,30,576,30.2,-0.65,1.88,0.1,0.0,874,30.4,0.3,2.45,9.6,3.0,-4.1,8.1,0.0010749088276318375,0.0963891636217149
40,120,1.0,50,2.0,4.5,30,566,39.0,0.66,1.82,23.3,3.4,818,37.2,2.0,2.37,15.3,5.1,-21.6,12.8,0.23333453502901125,0.15250293145961935
40,60,1.0,55,2.0,2.5,30,713,32.7,-1.34,1.23,-9.9,-1.6,1085,34.9,-0.9,1.43,-12.7,-4.3,-17.9,6.6,-0.09870084658098854,-0.12693655376981627
55,150,1.6,55,2.0,3.5,60,450,33.8,-0.47,1.73,-1.5,-0.3,610,36.2,0.84,2.06,-11.2,-4.6,-17.9,10.9,-0.01512293653213903,-0.11206390033467428
40,60,1.0,45,2.0,4.5,60,566,33.9,0.09,1.99,16.7,2.5,834,35.0,1.86,2.54,18.3,5.6,-17.9,14.6,0.1669671008715954,0.1827575585825445
120,120,1.6,50,2.0,4.5,30,357,36.1,0.53,1.97,36.4,6.0,556,36.5,1.94,2.38,7.8,2.6,-17.1,12.9,0.3640230754699998,0.0777923469431161
120,60,1.6,45,2.0,3.5,60,387,30.2,-1.02,1.77,-1.3,-0.3,582,36.8,0.8,2.01,2.9,1.0,-18.4,11.2,-0.013306591186905248,0.029071045212490043
120,120,1.3,50,2.5,2.5,30,473,30.4,-1.82,1.15,-16.6,-2.8,750,37.2,-0.79,1.35,-0.1,-0.0,-8.7,6.8,-0.16563333202330843,-0.0008843744698943112
20,60,1.0,45,2.5,2.5,30,860,31.0,-1.52,1.28,-21.1,-3.7,1257,35.9,-0.6,1.5,-0.3,-0.1,-7.8,7.4,-0.2110386562348865,-0.0034261861743394295
55,120,1.6,45,1.5,2.5,30,533,28.3,-1.66,1.25,-9.5,-1.9,760,29.6,-1.36,1.54,-2.1,-0.7,-8.1,5.0,-0.09510871763973594,-0.020521768171314902
55,150,1.6,50,2.5,4.5,30,419,44.2,0.9,1.53,45.3,7.3,572,39.2,2.07,2.13,49.6,17.3,-28.5,14.8,0.4529335879757317,0.49612436479233213
55,120,1.3,45,1.5,2.5,60,593,29.0,-1.52,1.27,-14.0,-2.4,896,29.7,-1.16,1.64,5.4,1.9,-5.0,5.1,-0.14038133661102947,0.054333727560591294
55,150,1.0,45,2.0,4.5,60,459,39.2,1.25,2.04,45.6,6.1,700,34.7,2.04,2.61,50.6,17.6,-10.8,14.2,0.4555651302140915,0.506275493098375
120,120,1.3,50,1.5,2.5,30,488,27.9,-1.61,1.32,-14.5,-2.5,802,31.7,-0.92,1.63,5.5,1.9,-4.0,5.2,-0.14540841930909587,0.05474052904700666
55,150,1.0,55,2.5,2.5,30,606,35.0,-1.19,1.19,-9.9,-1.6,904,34.8,-0.94,1.44,-8.6,-3.5,-15.1,6.8,-0.09910235489469899,-0.08606330434017029
40,150,1.0,45,2.5,4.5,30,524,46.0,1.18,1.51,46.9,6.3,761,40.1,2.03,2.05,18.8,7.1,-26.8,14.6,0.46902111764868115,0.18837950498465705
55,150,1.0,50,2.0,3.5,60,518,35.3,-0.22,1.73,33.9,4.7,762,36.4,0.82,2.05,-7.7,-3.1,-16.5,11.0,0.33936668625508104,-0.07708445593270674
55,150,1.0,45,1.5,3.5,30,568,32.0,-0.23,1.98,24.9,3.6,844,31.3,0.49,2.45,10.6,4.0,-7.6,8.1,0.24888742948359543,0.10551903835887289
40,60,1.3,50,2.5,4.5,60,509,36.7,-0.18,1.66,-4.2,-0.7,742,38.1,1.91,2.18,23.4,7.0,-16.9,16.6,-0.04213869157875627,0.2335992716711599
40,150,1.0,50,2.5,3.5,60,534,38.2,-0.06,1.59,8.7,1.3,796,38.8,0.64,1.78,1.5,0.6,-23.4,12.4,0.08725378763701852,0.015218954490945569
20,150,1.6,45,2.0,3.5,60,587,34.6,-0.46,1.68,-9.3,-1.5,804,37.8,1.06,2.03,15.9,6.0,-19.3,11.5,-0.09333753413155643,0.1586289848456146
55,120,1.6,50,1.5,3.5,30,489,29.2,-0.63,2.0,8.5,1.5,694,30.7,0.19,2.35,-2.5,-0.9,-11.1,7.9,0.08463153485598873,-0.02484572440933064
120,60,1.0,45,1.5,4.5,60,436,30.5,0.58,2.62,42.6,5.8,734,29.2,1.51,3.22,17.7,5.7,-11.8,11.1,0.4257763599261817,0.17749417656692312
20,120,1.6,45,2.5,4.5,60,521,40.9,1.17,1.82,12.2,1.8,751,38.3,2.14,2.23,75.2,21.5,-14.0,17.0,0.12208683645236929,0.7519404750566732
120,150,1.3,45,1.5,2.5,30,468,29.3,-1.49,1.29,-12.4,-2.1,749,31.6,-0.83,1.68,2.9,1.1,-4.4,5.2,-0.12383825990519581,0.02860241852059886
20,60,1.0,50,2.0,4.5,30,733,35.7,-0.16,1.73,-1.3,-0.2,1018,36.6,2.25,2.54,61.1,16.5,-12.8,13.8,-0.012676003400586167,0.6110729513185333
20,60,1.0,45,1.5,4.5,60,742,27.2,-0.16,2.56,-13.7,-2.3,1076,29.6,1.66,3.27,10.1,3.1,-6.6,11.7,-0.13733108320987353,0.10134087713692241
120,120,1.0,55,2.0,2.5,60,504,31.5,-1.41,1.27,-11.9,-2.0,837,36.3,-0.64,1.47,-2.0,-0.7,-4.5,6.7,-0.11927090311493282,-0.02038335768333599
40,150,1.6,45,1.5,2.5,30,586,29.4,-1.57,1.24,-9.9,-2.0,784,31.4,-1.05,1.56,-3.5,-1.4,-10.7,5.1,-0.09933537604129872,-0.034779415448086715
20,60,1.6,50,2.5,2.5,30,720,29.0,-2.01,1.17,-23.4,-4.1,967,35.5,-1.05,1.33,6.8,2.1,-4.5,7.0,-0.2340528889618293,0.06777922057184327
120,120,1.6,55,2.5,3.5,60,356,33.1,-1.1,1.56,-4.5,-0.9,554,39.5,1.08,1.85,13.5,4.5,-19.9,12.6,-0.045047180123562014,0.13509135701505737
20,150,1.3,55,2.5,3.5,30,639,41.9,0.13,1.43,21.6,3.1,919,40.3,0.96,1.79,58.9,20.1,-24.0,12.2,0.21588624897329334,0.5888032363171687
20,150,1.0,45,1.5,3.5,30,779,31.2,-0.49,1.89,20.9,3.1,1109,33.5,0.83,2.4,21.7,8.1,-10.2,9.0,0.20878436765005515,0.21749743018252432
40,120,1.0,45,1.5,2.5,30,720,29.9,-1.39,1.29,-2.9,-0.5,1072,32.2,-0.86,1.6,1.2,0.4,-3.9,5.5,-0.029040861296291798,0.01151312727047138
20,60,1.0,55,2.5,2.5,60,849,31.0,-1.54,1.27,-21.3,-3.7,1246,35.9,-0.6,1.5,1.9,0.6,-6.7,7.6,-0.21287484282846292,0.018704057877203972
55,120,1.0,50,2.0,3.5,60,530,32.3,-0.51,1.83,4.1,0.6,793,36.2,0.77,2.04,10.6,3.6,-16.4,11.1,0.041250376422392154,0.10592842207173025
120,120,1.6,50,2.0,3.5,30,378,33.1,-0.93,1.59,-4.0,-0.8,584,37.3,0.83,1.97,-14.4,-5.3,-16.0,10.4,-0.04002361020874656,-0.1437708405357867
20,150,1.0,55,1.5,3.5,30,778,31.2,-0.49,1.89,20.9,3.1,1107,33.4,0.77,2.38,21.7,8.1,-10.2,9.0,0.20878436765005515,0.21749743018252432
120,150,1.0,55,1.5,3.5,60,434,29.0,-0.36,2.21,-0.6,-0.1,716,32.4,0.98,2.56,23.2,8.6,-3.2,8.8,-0.005948906064764614,0.23204570478333197
55,120,1.0,50,1.5,2.5,60,642,30.2,-1.35,1.3,-7.2,-1.2,998,31.2,-0.95,1.65,-0.9,-0.3,-5.4,5.4,-0.07248362688302323,-0.008938201085450737
40,60,1.0,55,1.5,4.5,60,608,28.8,0.0,2.48,23.7,3.4,919,29.5,1.46,3.17,9.8,3.0,-18.7,11.1,0.2373398649032752,0.09757430850997184
120,60,1.3,45,2.5,4.5,60,366,38.5,0.61,1.79,1.4,0.2,588,38.9,2.32,2.22,53.6,15.7,-19.4,17.0,0.01419029296809371,0.5357152124427356
20,120,1.3,50,2.0,3.5,60,657,34.7,-0.26,1.76,-18.5,-3.2,959,36.8,0.9,2.07,37.0,11.6,-19.3,11.7,-0.1845886410372869,0.37011698997356435
40,60,1.6,50,2.5,4.5,30,502,38.4,-0.41,1.46,-11.1,-2.2,694,39.5,1.59,1.98,18.5,5.6,-16.9,14.5,-0.11136790863323776,0.18502016639152208
55,120,1.6,55,2.0,2.5,60,513,30.0,-1.81,1.15,-19.7,-4.1,726,33.3,-1.37,1.35,-13.2,-4.8,-15.7,6.3,-0.19723799985978474,-0.13246913231159985
120,120,1.3,55,1.5,3.5,30,438,29.0,-0.6,2.05,8.8,1.3,723,32.0,0.54,2.4,5.7,1.9,-5.9,8.0,0.08759202181544778,0.05665505035806251
120,60,1.0,45,2.5,4.5,60,384,39.6,0.83,1.79,7.8,1.2,626,39.1,2.55,2.28,159.4,38.1,-16.0,17.2,0.0783927657164869,1.5940533646885497
120,120,1.6,50,2.0,2.5,30,420,28.6,-1.99,1.18,-17.1,-3.5,650,34.5,-1.24,1.34,-9.2,-3.3,-11.7,6.3,-0.17145249008962415,-0.09164535261969065
40,120,1.6,55,1.5,3.5,30,543,29.1,-0.6,2.03,11.0,2.0,744,32.3,0.31,2.25,0.9,0.3,-12.4,8.0,0.10983323830856073,0.008656913172835567
120,120,1.6,50,1.5,2.5,60,427,26.7,-1.82,1.3,-14.6,-2.9,672,30.8,-1.24,1.53,0.2,0.1,-7.7,5.2,-0.14603496740636324,0.0019479582474388746
120,150,1.3,55,2.5,4.5,60,325,40.9,1.45,1.88,28.0,4.0,539,39.7,2.77,2.26,72.8,24.1,-18.9,17.0,0.27971672588764096,0.7275493217972457
120,120,1.3,55,2.5,2.5,30,473,30.4,-1.82,1.15,-16.6,-2.8,750,37.2,-0.79,1.35,-0.1,-0.0,-8.7,6.8,-0.16563333202330843,-0.0008843744698943112
55,120,1.6,50,2.5,3.5,30,451,37.7,-0.58,1.43,11.3,2.0,630,39.5,0.73,1.75,11.6,3.9,-24.3,11.7,0.11254057302432607,0.11647046950438833
120,150,1.0,55,2.5,3.5,60,385,38.2,-0.14,1.57,10.9,1.7,636,40.1,1.46,1.92,20.2,7.5,-17.1,12.9,0.10931225980863157,0.202157565373007
55,60,1.0,45,1.5,4.5,60,557,30.2,0.17,2.42,27.8,4.0,880,28.0,1.28,3.3,12.8,4.0,-13.3,11.0,0.27756913615193146,0.12819163956849366
40,60,1.3,55,1.5,3.5,60,613,27.6,-0.83,2.01,3.1,0.5,907,31.0,0.32,2.4,43.4,12.3,-9.2,8.5,0.030973810428938098,0.4342284188237324
20,60,1.6,55,2.0,4.5,60,594,30.6,-0.5,2.02,-3.6,-0.6,789,36.1,2.17,2.54,12.7,3.9,-13.7,15.2,-0.03622862864665832,0.12694108899950485
55,150,1.3,55,1.5,3.5,30,530,32.1,-0.24,1.97,56.6,7.4,767,31.2,0.44,2.43,10.2,3.9,-6.4,7.9,0.5657036465198388,0.10223837537627523
55,150,1.6,50,2.0,2.5,30,515,31.5,-1.66,1.15,-18.4,-3.8,697,32.9,-1.37,1.38,-21.1,-8.9,-23.4,6.2,-0.18362930010484857,-0.21115049722926826
55,60,1.0,45,1.5,2.5,60,681,30.4,-1.27,1.36,-16.6,-2.8,1081,31.0,-0.99,1.63,5.6,1.8,-5.9,5.6,-0.16625118197215338,0.056464905807362076
20,60,1.0,50,2.0,3.5,60,738,31.8,-0.74,1.75,-18.9,-3.2,1058,36.4,1.06,2.16,9.2,2.9,-16.3,11.9,-0.18865284414253347,0.09179579434471608
40,120,1.0,45,2.0,3.5,60,583,31.7,-0.51,1.88,5.7,0.9,855,37.1,0.65,1.93,40.1,12.5,-17.7,11.1,0.057320628347351965,0.401344778953322
120,120,1.3,45,1.5,3.5,30,438,29.0,-0.6,2.05,8.8,1.3,723,32.0,0.54,2.4,5.7,1.9,-5.9,8.0,0.08759202181544778,0.05665505035806251
40,120,1.3,45,2.0,2.5,60,636,30.8,-1.64,1.17,-13.1,-2.2,922,35.0,-1.01,1.38,-4.0,-1.4,-13.6,6.3,-0.13085443956813458,-0.03959095625571518
55,150,1.6,50,2.5,4.5,60,390,41.0,0.98,1.76,38.6,6.4,555,38.4,2.06,2.18,48.0,16.8,-24.1,16.6,0.3861477561418485,0.47992822680148817
40,120,1.0,45,2.0,4.5,60,522,36.6,0.84,2.09,31.6,4.5,780,35.5,1.99,2.52,80.2,22.7,-22.0,14.4,0.3163385887115524,0.801928661501421
120,60,1.6,50,2.5,2.5,30,436,30.0,-2.01,1.11,-27.3,-5.8,651,35.9,-1.14,1.29,-5.0,-1.7,-13.6,6.9,-0.27313719144823123,-0.05003972975211868
40,60,1.0,50,1.5,4.5,60,608,28.8,0.0,2.48,23.7,3.4,919,29.5,1.46,3.17,9.8,3.0,-18.7,11.1,0.2373398649032752,0.09757430850997184
40,120,1.0,45,2.0,2.5,60,680,32.4,-1.38,1.22,-19.1,-3.3,1016,35.8,-0.81,1.42,-5.0,-1.8,-7.4,6.6,-0.19110000531007298,-0.05013429174921957
55,60,1.3,55,1.5,4.5,60,520,30.0,0.06,2.37,28.7,4.1,811,27.9,1.23,3.29,16.3,5.0,-11.9,10.8,0.28707000034033614,0.16305994168878457
20,120,1.3,55,2.0,4.5,30,655,38.2,0.44,1.8,7.6,1.2,925,36.2,2.09,2.52,50.6,15.3,-26.7,13.5,0.0764776971691481,0.5064760816254266
120,120,1.3,50,2.0,4.5,60,363,34.4,0.86,2.26,18.4,2.7,609,35.0,2.09,2.6,22.4,7.3,-19.1,14.4,0.18376317481597937,0.22425804622689705
