entry_lookback,ma_trend,vol_mult,rsi_min,init_stop_atr,trail_atr,max_hold,train_trades,train_winrate,train_expect,train_payoff,train_return,train_cagr,test_trades,test_winrate,test_expect,test_payoff,test_return,test_cagr,test_mdd,test_avghold,train_obj,test_obj
20,150,1.3,50,2.5,4.5,30,629,43.4,0.97,1.61,36.8,4.9,878,38.8,2.04,2.18,77.8,23.3,-16.4,15.3,0.3677004514248714,0.7776073343106129
20,120,1.3,45,1.5,2.5,30,846,29.3,-1.39,1.34,-20.2,-3.4,1152,32.6,-0.61,1.7,1.4,0.5,-2.7,5.7,-0.20187958083251378,0.014491978386012017
120,60,1.0,45,2.0,4.5,30,452,37.8,0.77,1.94,29.0,4.0,667,37.2,2.37,2.48,44.4,12.8,-17.1,13.2,0.2896398809201053,0.4436507664945599
20,60,1.6,45,2.5,3.5,60,632,32.9,-1.09,1.55,-20.6,-3.5,790,38.9,0.86,1.85,21.5,6.2,-18.0,12.6,-0.20589807642209645,0.21537176453381957
20,150,1.0,55,2.0,2.5,30,853,33.6,-1.18,1.27,-21.7,-3.7,1226,36.1,-0.59,1.49,-2.0,-0.7,-10.9,7.1,-0.21719715939310602,-0.019529385509826636
120,120,1.6,50,2.5,3.5,30,377,36.9,-0.74,1.43,22.0,3.1,544,41.7,1.27,1.76,4.5,1.6,-23.4,11.9,0.21970080558969807,0.04534489318392376
40,150,1.6,55,2.0,3.5,60,513,32.6,-0.48,1.83,9.5,1.4,674,35.6,0.46,1.98,2.4,0.9,-11.7,10.7,0.09522048943378403,0.024154757090393497
55,60,1.0,55,2.0,2.5,60,677,31.8,-1.41,1.25,-16.2,-2.7,982,34.6,-0.99,1.42,-7.3,-2.4,-8.0,6.6,-0.1616993163427679,-0.07336145018643137
20,60,1.3,45,2.0,2.5,30,825,29.7,-1.61,1.28,-25.1,-4.3,1087,35.2,-0.7,1.49,11.6,3.5,-15.3,6.8,-0.2506347078480642,0.11571783062526553
55,120,1.0,45,2.5,3.5,60,513,37.0,0.01,1.7,32.6,4.4,741,39.5,1.06,1.85,25.5,8.6,-16.0,12.7,0.3256990490170306,0.255067626170115
40,120,1.0,55,2.5,2.5,60,687,32.9,-1.35,1.22,-24.3,-4.2,988,36.8,-0.84,1.36,-16.4,-6.3,-17.1,7.0,-0.242892775174246,-0.16413577171143556
55,60,1.6,50,2.5,2.5,60,563,29.3,-2.09,1.1,-19.4,-3.2,738,34.6,-1.43,1.26,-15.0,-5.0,-15.0,6.8,-0.19408237215425683,-0.15049887088562397
55,60,1.6,55,2.5,4.5,60,449,36.3,-0.2,1.68,-11.2,-1.8,610,35.9,1.22,2.16,16.6,4.9,-13.6,16.0,-0.11227336759826656,0.16573396749399238
40,150,1.6,45,2.5,2.5,30,583,31.0,-1.87,1.1,-15.5,-2.5,755,34.8,-1.33,1.27,-20.4,-8.0,-22.7,6.7,-0.15488809413656068,-0.20395389815254794
40,60,1.0,50,2.0,2.5,60,729,32.1,-1.42,1.23,-10.2,-1.6,1037,35.2,-0.93,1.41,-12.7,-4.1,-13.9,6.7,-0.10151941379387197,-0.12733742575942553
40,150,1.6,55,1.5,4.5,60,500,31.0,0.58,2.58,28.5,3.9,677,30.1,1.48,3.07,-9.6,-3.6,-17.2,10.8,0.28499550484064273,-0.09596046318546547
55,150,1.3,50,2.0,2.5,60,590,31.7,-1.48,1.21,-13.3,-2.2,810,32.7,-1.23,1.45,-8.6,-3.3,-10.3,6.2,-0.13316591761970487,-0.086094167220228
20,120,1.6,45,1.5,2.5,30,768,28.5,-1.57,1.3,-18.6,-3.1,965,33.1,-0.74,1.6,11.4,4.0,-2.2,5.5,-0.18586252819963023,0.11415656579250255
40,150,1.3,45,2.5,4.5,30,511,44.8,1.12,1.56,55.0,6.9,711,38.5,1.7,2.08,8.4,3.0,-21.8,14.5,0.5504267160219563,0.08409104395896216
40,60,1.3,45,1.5,4.5,60,585,28.4,0.0,2.53,15.9,2.3,819,29.4,1.28,3.08,11.1,3.3,-8.2,10.8,0.15942947578385303,0.1106240796795166
55,60,1.0,55,2.5,3.5,30,585,37.8,-0.57,1.42,27.5,3.8,821,38.9,0.57,1.75,25.9,7.4,-15.5,11.8,0.2748499403362461,0.25854412347569866
20,60,1.3,45,2.5,4.5,60,626,35.8,0.0,1.8,0.5,0.1,827,38.0,2.17,2.28,86.0,21.3,-10.4,17.1,0.005355899249752882,0.8604455867346876
55,150,1.6,55,1.5,2.5,30,550,29.1,-1.54,1.28,-10.0,-1.6,717,30.3,-1.24,1.55,-2.4,-0.9,-7.4,5.0,-0.10035312281956732,-0.023736942140804795
40,150,1.6,55,1.5,3.5,30,554,30.1,-0.44,2.03,39.5,5.2,718,31.6,0.25,2.29,6.1,2.2,-8.6,8.0,0.39455132063968845,0.06139384110759205
40,120,1.6,45,2.0,4.5,60,476,35.1,0.67,2.14,0.0,0.0,638,35.7,1.8,2.41,4.4,1.6,-22.6,14.0,0.00034209488572711777,0.04436539663746375
120,60,1.6,50,1.5,3.5,30,429,28.7,-0.72,2.01,-1.4,-0.2,609,30.7,0.35,2.44,0.8,0.3,-18.8,8.0,-0.014412369033309114,0.008485373611713865
40,60,1.6,45,2.0,3.5,30,563,31.1,-1.11,1.64,-0.5,-0.1,716,35.9,0.25,1.88,-16.2,-5.3,-21.1,10.2,-0.005068427321494373,-0.16202109355711658
40,120,1.6,50,1.5,2.5,60,608,28.0,-1.69,1.25,-14.2,-2.3,797,31.5,-1.12,1.52,4.0,1.4,-2.9,5.1,-0.1415304096013078,0.039531017777062916
20,150,1.3,55,2.0,3.5,30,701,36.7,-0.28,1.6,-6.4,-1.0,965,37.4,0.71,1.94,25.9,8.8,-21.5,10.9,-0.06412059356659783,0.2591462125632864
120,150,1.0,45,1.5,2.5,60,514,29.8,-1.29,1.4,-12.0,-1.9,828,32.5,-0.75,1.66,1.7,0.6,-1.2,5.5,-0.11986897532732299,0.016800582737142244
55,120,1.3,45,1.5,4.5,30,516,32.9,0.57,2.36,47.4,6.1,745,29.4,1.36,3.12,-11.0,-4.1,-11.0,9.7,0.4741357594350688,-0.1096267967621628
55,60,1.6,50,2.0,4.5,30,491,35.2,-0.06,1.81,28.6,3.9,647,34.2,1.27,2.39,-3.9,-1.2,-21.7,12.5,0.28631864616627767,-0.0387180598992527
55,150,1.6,45,2.5,4.5,30,435,43.7,0.91,1.56,82.0,9.6,567,38.3,1.96,2.18,48.1,15.4,-26.2,14.7,0.8195607944660448,0.48089052760646456
120,150,1.6,55,2.5,4.5,60,317,38.8,1.14,1.94,4.5,0.7,487,38.0,2.11,2.22,61.3,19.0,-28.7,16.7,0.04487515488746707,0.6134678721379696
20,150,1.3,50,2.5,3.5,30,669,41.4,0.07,1.44,26.2,3.6,935,40.2,0.89,1.77,34.7,11.5,-27.7,12.4,0.26182760798371896,0.3473848747086037
40,60,1.6,50,1.5,2.5,30,635,27.2,-1.73,1.29,-10.6,-1.7,830,30.4,-1.32,1.48,-1.3,-0.4,-1.7,5.1,-0.10569104163017418,-0.012728953938151655
40,150,1.3,50,1.5,4.5,30,568,34.0,0.65,2.3,20.8,2.9,791,29.8,1.32,3.04,2.6,0.9,-18.6,9.8,0.20823074581876266,0.0259057960869149
20,150,1.3,45,2.0,2.5,60,785,32.4,-1.38,1.24,-19.7,-3.3,1092,35.2,-0.69,1.51,-10.8,-4.1,-20.8,6.9,-0.19669124863902954,-0.1079376749817006
20,120,1.6,55,2.5,2.5,30,731,31.7,-1.71,1.14,-29.1,-5.1,919,37.4,-0.82,1.32,-14.7,-5.6,-14.7,7.1,-0.29056232789297454,-0.14722730354754232
20,150,1.6,50,2.5,4.5,60,531,40.9,1.3,1.88,47.6,6.1,738,38.8,2.2,2.21,58.0,18.1,-15.1,17.0,0.4763957635375309,0.5803240602206323
20,150,1.6,50,2.0,4.5,60,568,35.7,0.75,2.12,14.6,2.1,763,36.2,2.16,2.52,28.9,9.7,-11.5,14.9,0.1457750815299026,0.2891353195801627
120,60,1.3,45,2.0,2.5,30,506,30.8,-1.57,1.23,-14.6,-2.4,754,35.4,-0.81,1.45,-6.1,-2.1,-10.2,6.4,-0.14559754768673838,-0.061278572411863186
20,60,1.0,45,2.5,3.5,30,770,36.9,-0.76,1.4,-29.4,-5.2,1015,39.5,0.92,1.83,48.1,13.0,-21.2,12.4,-0.2935362041443247,0.48060246805574813
20,120,1.3,50,1.5,2.5,60,837,29.0,-1.39,1.37,-20.2,-3.4,1147,32.7,-0.58,1.72,6.5,2.3,-2.7,5.8,-0.20187958083251378,0.06484924716218887
55,150,1.3,55,2.5,4.5,30,469,45.2,1.12,1.54,46.7,6.0,644,38.5,1.83,2.12,-3.6,-1.3,-30.1,14.6,0.46706676177816475,-0.036051054824037476
120,120,1.6,55,1.5,2.5,30,441,26.8,-1.76,1.33,-13.0,-2.1,652,31.7,-1.09,1.53,-4.0,-1.5,-10.0,5.1,-0.12952152173548492,-0.04032851019954309
120,60,1.3,50,2.0,4.5,60,396,34.8,0.81,2.21,8.1,1.2,597,35.5,2.21,2.59,1.9,0.6,-17.8,14.4,0.0810642597932476,0.019322616246803204
20,150,1.6,45,2.0,4.5,60,568,35.7,0.75,2.12,14.6,2.1,763,36.2,2.16,2.52,28.9,9.7,-11.5,14.9,0.1457750815299026,0.2891353195801627
120,60,1.6,55,2.0,4.5,60,368,34.2,0.61,2.18,-6.3,-1.0,536,34.7,1.76,2.5,-10.7,-3.7,-24.4,14.3,-0.06255578848396315,-0.10677357326928438
40,150,1.3,55,1.5,3.5,60,589,28.7,-0.38,2.22,1.0,0.2,828,31.0,0.21,2.33,38.1,12.5,-8.1,8.2,0.009968874764108016,0.3814139844443678
40,150,1.0,50,1.5,2.5,60,721,30.5,-1.31,1.32,-12.5,-2.0,1035,32.1,-0.92,1.59,-12.8,-4.9,-13.6,5.5,-0.12529840362297817,-0.12779258418784312
40,120,1.0,50,1.5,4.5,60,582,30.2,0.6,2.68,14.7,2.1,838,31.3,1.8,3.09,3.7,1.3,-13.9,11.1,0.14706386762636114,0.037400308789236725
20,60,1.6,55,1.5,3.5,30,719,27.3,-1.11,1.88,-16.9,-2.8,883,30.8,0.33,2.43,4.0,1.2,-2.4,8.2,-0.16932883545302158,0.040055643406949004
55,150,1.0,55,2.0,4.5,30,519,40.8,1.02,1.83,21.8,3.1,736,35.1,1.77,2.48,52.0,16.5,-25.9,12.5,0.2180291613892904,0.5197360765473309
120,120,1.6,45,2.0,4.5,60,345,33.6,0.88,2.34,3.5,0.5,523,35.8,2.02,2.47,22.3,7.7,-30.7,14.3,0.03467526074234928,0.22270426954414568
55,120,1.0,55,2.5,4.5,30,507,43.4,0.82,1.55,48.0,6.2,710,40.1,2.24,2.1,-5.6,-2.1,-32.1,14.7,0.4803506355780962,-0.05557515392369594
20,150,1.3,55,2.0,3.5,60,666,34.5,-0.22,1.79,9.8,1.4,940,37.3,0.86,2.0,22.4,7.6,-21.2,11.6,0.0978563115271418,0.22369292406329855
120,60,1.6,55,2.5,4.5,60,356,37.1,0.41,1.83,-14.4,-2.3,517,38.1,2.01,2.2,29.5,8.9,-21.0,16.6,-0.14410108277670253,0.29521245562097786
55,120,1.6,50,2.0,4.5,60,430,34.2,0.49,2.14,5.5,0.8,587,35.1,1.72,2.44,8.7,3.1,-19.7,13.9,0.055109045031126014,0.08723847497423853
20,150,1.6,55,2.0,4.5,60,567,35.8,0.76,2.12,14.6,2.1,763,36.2,2.13,2.51,28.9,9.7,-11.5,14.9,0.1457750815299026,0.2891353195801627
120,120,1.6,45,2.0,3.5,30,388,33.2,-0.71,1.68,-0.9,-0.1,561,38.0,1.1,2.01,-20.2,-8.0,-22.2,10.5,-0.008676823262012912,-0.20194803851542897
20,60,1.3,45,2.0,3.5,30,745,32.6,-0.95,1.59,-31.3,-5.6,953,36.7,0.75,2.01,63.4,16.5,-20.9,10.8,-0.3127437059207341,0.6335112524426205
20,60,1.0,45,2.0,3.5,60,767,30.8,-0.83,1.8,-26.3,-4.6,1018,36.5,0.93,2.09,59.6,15.6,-10.8,11.7,-0.26326928345841116,0.5958796661288828
40,60,1.6,50,2.5,3.5,30,545,34.3,-1.26,1.38,-16.9,-2.8,696,39.1,0.32,1.66,-9.8,-3.2,-18.6,11.4,-0.1694212986708472,-0.09820160484422258
40,60,1.3,55,2.5,3.5,30,595,36.5,-0.87,1.38,0.1,0.0,798,39.1,0.29,1.65,24.6,7.1,-18.3,11.6,0.001439846192353933,0.2456677120770796
55,120,1.3,50,2.0,3.5,30,528,34.3,-0.36,1.74,-3.6,-0.6,728,36.3,0.6,1.97,-12.4,-4.7,-21.1,10.1,-0.03563328828394874,-0.12374952326286826
120,150,1.6,55,2.5,2.5,60,413,29.5,-2.06,1.12,-22.1,-3.7,593,35.6,-1.15,1.32,-13.2,-5.1,-13.9,6.9,-0.22120572609022515,-0.13187040672988293
20,60,1.6,55,2.5,3.5,60,632,32.9,-1.09,1.55,-20.6,-3.5,790,38.9,0.86,1.85,21.5,6.2,-18.0,12.6,-0.20589807642209645,0.21537176453381957
55,60,1.3,55,2.0,2.5,60,632,30.4,-1.62,1.22,-13.5,-2.2,876,33.8,-1.14,1.41,-11.3,-3.7,-20.8,6.4,-0.1346202253393184,-0.11291613254902366
55,120,1.6,45,1.5,2.5,60,544,27.8,-1.68,1.28,-11.4,-1.8,732,30.2,-1.24,1.57,10.9,3.9,-2.9,5.0,-0.11397592772825771,0.10900826608154524
40,120,1.0,50,2.5,4.5,30,554,44.4,0.91,1.52,75.9,9.0,772,40.7,2.2,2.05,22.1,7.5,-25.4,14.7,0.7591864267421145,0.22071642068279052
40,120,1.3,55,1.5,3.5,60,594,26.9,-0.47,2.35,-6.8,-1.1,842,31.7,0.33,2.32,0.4,0.1,-2.4,8.3,-0.06840562901422642,0.003969779117533934
40,60,1.0,50,2.0,4.5,30,622,36.2,0.1,1.81,0.7,0.1,845,35.6,1.63,2.39,43.9,12.0,-17.8,12.8,0.00692645255203983,0.43931720601388213
55,120,1.6,50,2.5,2.5,30,530,30.0,-1.89,1.13,-11.9,-1.9,692,35.8,-1.23,1.27,-23.9,-9.6,-26.3,6.7,-0.11924130862861371,-0.23870052894279625
55,60,1.3,55,1.5,2.5,30,650,29.1,-1.42,1.34,-14.3,-2.3,928,30.0,-1.15,1.62,4.9,1.5,-2.5,5.2,-0.14254675448637977,0.04872332415815839
55,60,1.6,45,2.0,4.5,60,466,33.0,-0.09,1.98,3.4,0.5,633,32.7,1.13,2.48,2.8,0.9,-9.8,13.9,0.03357968137877987,0.02827674869911667
20,150,1.0,45,2.5,3.5,30,715,41.5,0.07,1.43,-5.7,-0.9,1020,41.2,1.09,1.77,19.2,6.6,-18.9,12.7,-0.05726396315314597,0.19186652592268305
20,60,1.3,50,2.0,2.5,30,825,29.7,-1.61,1.28,-25.1,-4.3,1087,35.2,-0.7,1.49,11.6,3.5,-15.3,6.8,-0.2506347078480642,0.11571783062526553
120,60,1.6,45,1.5,3.5,60,421,27.1,-0.74,2.17,-1.4,-0.2,604,30.3,0.39,2.51,14.5,4.6,-9.4,8.3,-0.014096193626341735,0.14496835272710928
40,120,1.0,45,1.5,3.5,30,656,29.6,-0.36,2.13,9.8,1.4,923,32.6,0.46,2.29,2.8,1.0,-8.2,8.3,0.09775794880982458,0.027915509045655318
55,120,1.0,55,1.5,2.5,30,658,30.1,-1.3,1.34,-4.5,-0.7,976,31.8,-0.88,1.64,0.6,0.2,-2.6,5.3,-0.045398485078131046,0.006293030820590628
40,120,1.6,50,1.5,3.5,30,557,29.1,-0.47,2.12,2.7,0.4,724,32.6,0.5,2.32,3.0,1.1,-5.3,8.1,0.027411681240852248,0.02953436434186063
120,60,1.3,45,2.5,3.5,30,440,37.0,-0.63,1.45,14.9,2.1,637,41.8,1.16,1.73,49.2,14.1,-20.3,11.9,0.14935670230198217,0.4922542402346195
120,60,1.3,55,2.0,3.5,60,442,30.8,-0.79,1.83,-14.0,-2.3,647,36.8,1.01,2.08,31.7,9.5,-21.4,11.0,-0.14000185836826506,0.3166885552384857
20,60,1.0,50,2.5,2.5,30,884,30.9,-1.56,1.26,-15.2,-2.5,1198,36.6,-0.57,1.47,-1.0,-0.3,-10.1,7.5,-0.1518489085735789,-0.010437706906415545
120,60,1.0,50,1.5,2.5,60,559,29.0,-1.32,1.43,-18.1,-3.0,881,32.0,-0.79,1.67,-0.0,-0.0,-2.8,5.5,-0.18138269773681992,-6.377570554338963e-05
20,60,1.3,55,2.0,2.5,60,818,29.6,-1.6,1.3,-23.0,-3.9,1078,35.3,-0.66,1.51,33.2,9.3,-18.9,6.9,-0.23041008276084474,0.3323148740855899
20,60,1.6,50,2.5,3.5,60,632,32.9,-1.09,1.55,-20.6,-3.5,790,38.9,0.86,1.85,21.5,6.2,-18.0,12.6,-0.20589807642209645,0.21537176453381957
40,60,1.6,45,1.5,4.5,30,565,28.7,-0.17,2.38,5.2,0.8,726,30.0,1.19,2.94,10.3,3.1,-1.0,9.8,0.05224282482040321,0.10273252495974594
120,60,1.6,55,2.5,2.5,60,453,29.4,-2.1,1.1,-14.3,-2.3,630,35.9,-1.09,1.31,-13.7,-4.8,-16.5,7.0,-0.14275981086593792,-0.13658710134309993
40,120,1.6,55,1.5,2.5,60,608,28.0,-1.69,1.25,-14.2,-2.3,797,31.5,-1.12,1.52,4.0,1.4,-2.9,5.1,-0.1415304096013078,0.039531017777062916
55,150,1.0,50,2.5,2.5,30,628,34.1,-1.26,1.21,-10.5,-1.7,903,34.9,-1.03,1.41,-12.5,-4.8,-15.7,6.8,-0.10528667189674412,-0.12463860010420924
120,120,1.6,45,1.5,4.5,60,363,29.2,0.72,2.85,12.5,1.8,561,30.3,1.67,3.12,-2.7,-1.0,-17.3,10.9,0.12504147524574805,-0.026966100225292555
40,150,1.6,50,2.5,4.5,30,473,43.8,0.89,1.55,68.3,8.3,630,38.4,1.77,2.11,27.1,9.1,-24.3,14.6,0.6825375496691846,0.27102452030509383
55,120,1.3,55,1.5,4.5,30,516,32.9,0.57,2.36,47.4,6.1,745,29.4,1.36,3.12,-11.0,-4.1,-11.0,9.7,0.4741357594350688,-0.1096267967621628
40,150,1.0,55,2.5,3.5,30,584,40.9,0.06,1.47,34.7,4.6,830,38.9,0.44,1.71,-3.8,-1.4,-25.7,11.8,0.3469689346898597,-0.037747216168790176
120,60,1.0,45,2.5,2.5,60,537,32.2,-1.44,1.24,-15.1,-2.5,820,37.0,-0.58,1.46,-6.7,-2.3,-7.9,7.1,-0.1505078990803247,-0.06733030590440126
40,60,1.6,50,2.0,4.5,30,537,33.9,-0.25,1.84,14.4,2.1,682,35.8,1.52,2.32,-6.9,-2.2,-20.3,12.7,0.14388777453667245,-0.06862935857962338
55,120,1.6,55,2.5,4.5,60,409,38.4,0.74,1.86,-11.0,-1.8,561,38.5,2.04,2.17,7.4,2.6,-25.9,16.2,-0.10969327041794996,0.0736536227050868
20,150,1.0,45,2.5,4.5,60,605,41.0,1.51,1.94,58.1,7.2,895,38.8,2.38,2.28,95.6,27.7,-18.7,17.7,0.5808193674584259,0.9557991571690057
20,120,1.3,55,2.0,2.5,30,812,31.8,-1.43,1.24,-25.2,-4.3,1102,36.1,-0.6,1.48,-10.4,-3.9,-14.9,6.8,-0.2520861063017745,-0.10448995159310492
40,60,1.3,45,2.0,3.5,60,603,30.3,-1.0,1.74,14.7,2.1,809,35.5,0.3,1.93,24.3,7.0,-13.3,10.7,0.14675230682352924,0.24316314226555558
40,60,1.0,45,2.5,2.5,30,729,32.2,-1.56,1.17,-15.8,-2.6,1029,35.7,-0.96,1.37,-11.1,-3.6,-13.6,7.1,-0.15814701132301034,-0.11094741472778091
55,150,1.3,55,2.5,4.5,60,433,42.3,1.35,1.8,73.3,8.7,614,37.1,2.06,2.3,28.6,9.6,-23.7,16.4,0.7325863213931993,0.2861760475635
40,120,1.0,45,2.5,2.5,60,687,32.9,-1.35,1.22,-24.3,-4.2,988,36.8,-0.84,1.36,-16.4,-6.3,-17.1,7.0,-0.242892775174246,-0.16413577171143556
120,150,1.0,50,1.5,3.5,30,458,31.0,-0.15,2.13,21.5,3.0,729,31.7,0.77,2.54,20.9,7.2,-11.6,8.3,0.21509865572225828,0.2094848575677113
40,120,1.0,55,2.0,4.5,60,538,36.4,1.01,2.17,31.6,4.3,767,35.9,2.08,2.51,65.3,20.1,-23.4,14.3,0.3155095875456817,0.6526009310323599
40,60,1.3,55,1.5,3.5,30,643,28.8,-0.73,1.96,1.2,0.2,884,31.0,0.14,2.3,10.4,3.1,-2.2,8.0,0.011977257833632349,0.10423508722858132
20,60,1.3,50,1.5,4.5,60,717,26.5,-0.26,2.59,10.9,1.6,943,29.9,1.7,3.25,23.7,6.8,-1.1,11.4,0.10937140692454639,0.23675798316279373
120,60,1.3,45,1.5,3.5,30,472,29.2,-0.56,2.05,-5.9,-0.9,714,31.2,0.51,2.46,8.6,2.8,-11.3,8.0,-0.05932097427648253,0.0863249127513046
20,60,1.6,55,2.0,2.5,30,750,28.7,-1.9,1.21,-27.6,-4.8,928,34.9,-0.99,1.38,-1.1,-0.3,-10.3,6.7,-0.27601693940280625,-0.010804511923786841
20,60,1.3,55,2.0,2.5,30,825,29.7,-1.61,1.28,-25.1,-4.3,1087,35.2,-0.7,1.49,11.6,3.5,-15.3,6.8,-0.2506347078480642,0.11571783062526553
55,150,1.3,45,1.5,4.5,60,486,32.5,0.81,2.54,52.3,6.6,710,28.5,1.43,3.3,13.3,4.6,-17.5,10.5,0.5232549119573795,0.13286050286211748
120,150,1.3,50,2.0,3.5,30,413,35.1,-0.37,1.68,15.7,2.3,625,37.0,0.9,2.02,1.7,0.6,-10.8,10.4,0.15739062433691853,0.016623665191318082
20,150,1.0,55,1.5,3.5,60,778,29.7,-0.42,2.09,-10.5,-1.7,1107,33.6,0.7,2.32,24.7,8.4,-6.2,9.4,-0.10538940312429201,0.24748221273641535
40,60,1.0,55,1.5,3.5,60,677,26.9,-0.75,2.16,-9.6,-1.5,960,30.7,0.2,2.36,50.3,13.5,-5.4,8.4,-0.09595850998242517,0.5025010925499398
40,120,1.3,55,2.5,3.5,60,528,35.8,-0.12,1.74,7.8,1.2,749,38.9,0.56,1.75,20.7,7.1,-20.0,12.4,0.07815024877761423,0.20682362737876958
120,150,1.6,45,2.5,4.5,60,317,38.8,1.14,1.94,4.5,0.7,487,38.0,2.11,2.22,61.3,19.0,-28.7,16.7,0.04487515488746707,0.6134678721379696
55,150,1.6,45,1.5,3.5,30,501,31.1,-0.33,2.01,62.6,7.7,654,31.0,0.41,2.43,3.8,1.4,-6.8,8.0,0.6257421505610326,0.037966956589344125
20,60,1.0,55,2.5,2.5,30,884,30.9,-1.56,1.26,-15.2,-2.5,1198,36.6,-0.57,1.47,-1.0,-0.3,-10.1,7.5,-0.1518489085735789,-0.010437706906415545
20,60,1.0,50,1.5,3.5,60,823,26.6,-0.83,2.14,-21.5,-3.6,1115,31.1,0.57,2.52,83.5,20.8,-11.0,9.0,-0.2148696665244343,0.8353250985731866
40,60,1.6,55,2.5,3.5,30,545,34.3,-1.26,1.38,-16.9,-2.8,696,39.1,0.32,1.66,-9.8,-3.2,-18.6,11.4,-0.1694212986708472,-0.09820160484422258
120,150,1.3,50,1.5,2.5,60,475,29.3,-1.42,1.34,-7.7,-1.2,743,31.4,-0.87,1.68,9.2,3.3,-1.4,5.2,-0.07718906201827958,0.09193692882077253
40,150,1.3,55,2.0,3.5,30,578,35.1,-0.33,1.69,23.2,3.2,789,35.4,0.23,1.92,4.1,1.5,-17.2,10.1,0.2321856133281448,0.041428502668193756
20,120,1.3,45,2.5,2.5,60,794,32.1,-1.47,1.23,-21.3,-3.6,1078,37.6,-0.55,1.42,-4.1,-1.5,-12.6,7.4,-0.2129616018483249,-0.04068270942073393
20,120,1.0,55,2.0,2.5,30,873,32.8,-1.23,1.29,-32.2,-5.7,1229,36.8,-0.46,1.5,-17.4,-6.7,-20.1,7.1,-0.32158038974295045,-0.17438937366430773
55,120,1.6,50,1.5,2.5,60,544,27.8,-1.68,1.28,-11.4,-1.8,732,30.2,-1.24,1.57,10.9,3.9,-2.9,5.0,-0.11397592772825771,0.10900826608154524
20,120,1.6,45,2.0,2.5,30,739,31.0,-1.66,1.18,-31.9,-5.7,930,36.1,-0.82,1.39,-14.5,-5.5,-14.9,6.6,-0.3188050094969024,-0.14503916186264976
40,150,1.3,50,2.0,2.5,60,647,31.4,-1.56,1.2,-13.9,-2.2,892,33.7,-1.15,1.4,-12.6,-4.8,-16.1,6.3,-0.1386097242941443,-0.12591625545776397
20,150,1.0,45,1.5,4.5,60,713,30.2,0.73,2.78,16.3,2.3,1028,30.7,1.7,3.13,11.8,4.1,-9.5,11.8,0.16270189407854474,0.117961190584007
40,120,1.0,55,2.0,3.5,60,599,31.7,-0.36,1.96,5.2,0.8,841,37.2,0.72,1.95,28.7,9.6,-19.3,11.0,0.051890233856583645,0.28733969801377834
120,150,1.6,55,2.5,3.5,30,364,37.6,-0.64,1.42,19.2,2.7,528,40.0,0.96,1.79,-12.5,-4.7,-31.1,11.9,0.19217075797120864,-0.12468755452516578
40,150,1.0,50,2.0,2.5,30,697,33.6,-1.28,1.21,-11.7,-1.9,999,34.7,-1.0,1.41,-8.2,-3.0,-14.9,6.4,-0.1173043086560106,-0.08154145522909428
120,150,1.6,55,2.0,3.5,60,365,32.1,-0.7,1.78,-8.7,-1.4,531,36.7,1.01,2.08,-15.0,-5.8,-16.2,11.2,-0.08731086676711741,-0.14993339791485616
120,120,1.0,50,2.0,4.5,60,395,35.7,1.34,2.35,35.2,4.7,623,36.4,2.56,2.6,36.3,11.9,-15.6,14.6,0.35233017573530945,0.36295915458129335
55,150,1.0,45,2.5,2.5,60,621,34.1,-1.23,1.22,-12.8,-2.1,896,34.9,-0.99,1.42,-12.6,-4.8,-15.7,6.9,-0.12828959569162202,-0.125702223532982
40,150,1.6,50,2.0,3.5,30,526,34.8,-0.41,1.68,43.3,5.6,686,35.6,0.37,1.95,0.5,0.2,-14.6,10.2,0.43317343524473273,0.005163443020617775
55,120,1.6,50,2.5,4.5,30,440,41.6,0.54,1.58,57.6,7.2,573,39.8,2.19,2.11,20.4,7.0,-25.9,14.6,0.5761621901104954,0.20362496663355056
55,60,1.3,55,2.0,3.5,30,572,33.6,-0.75,1.61,-5.7,-0.9,778,35.2,0.27,1.94,2.3,0.7,-10.9,10.1,-0.0569575634127516,0.02334920842732613
20,60,1.0,50,1.5,3.5,30,844,28.2,-0.85,1.94,-22.2,-3.8,1132,31.2,0.51,2.48,28.1,8.0,-12.2,8.6,-0.22230276040357422,0.281391995347386
55,60,1.6,55,1.5,2.5,30,582,27.5,-1.71,1.3,-14.5,-2.4,784,29.5,-1.43,1.51,-1.3,-0.4,-1.7,5.0,-0.14539368769851435,-0.012728953938151655
40,60,1.3,50,1.5,2.5,60,701,29.1,-1.44,1.33,-14.0,-2.3,977,30.7,-1.07,1.6,4.9,1.5,-2.5,5.3,-0.1397173927684281,0.04872332415815839
55,60,1.6,45,1.5,4.5,30,515,30.1,0.02,2.33,17.8,2.5,693,28.3,0.93,3.04,10.3,3.1,-1.0,9.6,0.17836469286363443,0.10273252495974594
55,60,1.6,50,2.5,2.5,30,568,29.2,-2.08,1.11,-11.8,-1.9,741,34.5,-1.46,1.24,-15.0,-5.0,-15.0,6.7,-0.11846867039445952,-0.15049887088562397
55,120,1.6,45,2.0,4.5,60,430,34.2,0.49,2.14,5.5,0.8,587,35.1,1.72,2.44,8.7,3.1,-19.7,13.9,0.055109045031126014,0.08723847497423853
40,120,1.0,55,1.5,2.5,30,734,29.8,-1.38,1.3,-2.8,-0.4,1052,32.6,-0.82,1.6,0.6,0.2,-2.6,5.5,-0.027747619868098927,0.006293030820590628
55,120,1.0,50,1.5,2.5,30,658,30.1,-1.3,1.34,-4.5,-0.7,976,31.8,-0.88,1.64,0.6,0.2,-2.6,5.3,-0.045398485078131046,0.006293030820590628
120,60,1.0,55,2.5,3.5,30,463,37.6,-0.36,1.52,17.8,2.5,692,40.9,1.28,1.83,19.8,6.1,-18.0,12.0,0.17810125220439077,0.19818692989098596
55,120,1.6,55,2.5,4.5,30,440,41.6,0.54,1.58,57.6,7.2,573,39.8,2.19,2.11,20.4,7.0,-25.9,14.6,0.5761621901104954,0.20362496663355056
120,60,1.6,45,2.5,3.5,60,392,32.7,-1.06,1.6,13.4,1.9,545,40.0,1.22,1.87,16.6,5.2,-15.5,12.7,0.13391440620691109,0.1662717578192392
55,150,1.3,50,2.5,4.5,60,433,42.3,1.35,1.8,73.3,8.7,614,37.1,2.06,2.3,28.6,9.6,-23.7,16.4,0.7325863213931993,0.2861760475635
20,120,1.3,50,1.5,3.5,60,737,30.0,-0.41,2.07,-15.0,-2.5,1012,33.1,0.8,2.43,34.2,11.3,-12.3,9.1,-0.15048780426593755,0.3420245082381148
40,150,1.0,50,2.5,3.5,30,584,40.9,0.06,1.47,34.7,4.6,830,38.9,0.44,1.71,-3.8,-1.4,-25.7,11.8,0.3469689346898597,-0.037747216168790176
120,150,1.6,45,1.5,3.5,30,387,30.2,-0.49,2.0,15.1,2.2,573,31.6,0.55,2.44,12.5,4.4,-13.2,8.1,0.15089991960121574,0.12495255496323998
120,60,1.6,45,1.5,3.5,30,429,28.7,-0.72,2.01,-1.4,-0.2,609,30.7,0.35,2.44,0.8,0.3,-18.8,8.0,-0.014412369033309114,0.008485373611713865
40,60,1.0,45,1.5,4.5,60,626,28.6,0.08,2.55,10.4,1.5,890,29.3,1.31,3.11,17.4,5.1,-12.2,10.8,0.10439601872663506,0.17414239754161698
20,60,1.6,45,2.5,4.5,60,587,34.2,-0.34,1.79,-13.5,-2.2,736,38.3,2.0,2.19,44.7,12.2,-11.8,16.8,-0.1345490533177096,0.44694287411429334
55,120,1.0,55,1.5,4.5,60,527,30.2,0.59,2.68,26.4,3.6,781,30.0,1.7,3.21,-7.8,-2.9,-18.0,10.9,0.2637994987447523,-0.07822283698734533
120,120,1.0,50,1.5,2.5,60,534,28.7,-1.35,1.43,-8.4,-1.3,858,33.3,-0.66,1.64,1.6,0.6,-1.2,5.5,-0.0840577425981881,0.015647827404841497
120,150,1.6,50,1.5,2.5,60,423,27.7,-1.68,1.31,-13.8,-2.2,625,31.0,-1.13,1.56,-0.8,-0.3,-9.1,5.1,-0.13776185979884392,-0.008175926330491579
40,60,1.6,45,2.5,2.5,60,612,28.8,-2.16,1.09,-20.7,-3.5,787,34.9,-1.39,1.24,-14.5,-4.8,-14.5,6.8,-0.20699232942363333,-0.14533181657146566
20,120,1.3,50,1.5,2.5,30,846,29.3,-1.39,1.34,-20.2,-3.4,1152,32.6,-0.61,1.7,1.4,0.5,-2.7,5.7,-0.20187958083251378,0.014491978386012017
55,120,1.0,55,1.5,3.5,30,590,30.3,-0.26,2.12,14.7,2.1,853,31.8,0.58,2.44,19.0,6.6,-3.8,8.2,0.14736974015182014,0.19041033455059098
40,120,1.0,55,2.5,3.5,60,562,36.3,-0.05,1.74,3.6,0.5,811,39.7,0.76,1.75,30.3,10.1,-19.9,12.6,0.036112873878554996,0.30309023199413754
55,120,1.3,55,2.5,2.5,60,583,30.9,-1.64,1.18,-13.3,-2.2,814,35.7,-1.02,1.35,-10.0,-3.8,-15.4,6.8,-0.13338090055420526,-0.09994248689775043
40,120,1.3,50,1.5,4.5,60,543,30.0,0.59,2.7,-10.2,-1.6,785,30.2,1.59,3.13,3.5,1.2,-9.9,10.7,-0.10209937636508493,0.03466186492177514
120,150,1.0,45,2.5,4.5,60,355,41.1,1.72,1.95,20.1,2.8,576,39.2,2.79,2.31,48.0,15.4,-33.1,17.1,0.2011538958290482,0.48028120439366595
55,120,1.6,55,2.0,4.5,30,456,36.8,0.44,1.89,37.8,5.0,599,36.1,1.89,2.41,38.0,12.6,-11.9,12.5,0.37791692159056134,0.38040897846005506
120,120,1.3,55,2.0,3.5,30,431,33.2,-0.52,1.76,7.8,1.1,648,37.8,1.09,2.03,-7.7,-2.9,-18.6,10.4,0.07764591171615054,-0.07732608499264382
55,120,1.3,45,2.5,4.5,60,437,39.6,1.0,1.87,-1.4,-0.2,629,37.8,2.13,2.26,22.5,7.7,-23.7,16.3,-0.014208653205699528,0.22514095165504355
120,150,1.6,45,2.5,2.5,60,413,29.5,-2.06,1.12,-22.1,-3.7,593,35.6,-1.15,1.32,-13.2,-5.1,-13.9,6.9,-0.22120572609022515,-0.13187040672988293
120,120,1.3,55,2.0,2.5,60,482,29.9,-1.69,1.22,-12.8,-2.1,736,36.1,-0.73,1.44,-13.7,-5.3,-16.8,6.4,-0.12813631960641403,-0.13736788577236214
55,60,1.3,55,1.5,4.5,30,560,32.0,0.19,2.24,27.2,3.7,801,28.5,0.97,3.05,13.8,4.1,-1.2,9.7,0.2724115597714132,0.13848320833000782
55,150,1.6,55,2.0,4.5,30,451,39.0,0.76,1.85,72.9,8.7,590,34.9,1.79,2.49,66.8,20.7,-14.2,12.6,0.7294861904551566,0.6679440387976734
120,120,1.6,45,2.5,4.5,60,332,36.7,0.76,1.98,-3.8,-0.6,501,39.1,2.34,2.19,60.5,19.0,-22.7,16.6,-0.037918553012472156,0.604580656638231
40,120,1.3,45,2.5,4.5,60,475,40.6,1.16,1.84,11.0,1.6,687,38.1,2.04,2.21,25.4,8.6,-18.9,16.3,0.11010626896726872,0.2543810572728724
20,60,1.6,50,2.0,2.5,30,750,28.7,-1.9,1.21,-27.6,-4.8,928,34.9,-0.99,1.38,-1.1,-0.3,-10.3,6.7,-0.27601693940280625,-0.010804511923786841
120,60,1.0,50,1.5,2.5,30,561,28.9,-1.31,1.44,-18.1,-3.0,884,32.0,-0.8,1.67,0.5,0.2,-2.8,5.4,-0.18138269773681992,0.004739682138417356
20,120,1.0,50,1.5,2.5,30,916,29.6,-1.28,1.4,-20.3,-3.4,1287,33.7,-0.5,1.69,0.6,0.2,-3.1,6.1,-0.20257387232784385,0.006484992864489447
120,150,1.3,55,2.0,4.5,30,384,38.0,1.01,2.01,57.5,7.2,588,36.4,2.17,2.47,67.7,20.7,-20.8,13.0,0.574972602597813,0.6774235266456683
20,120,1.3,55,1.5,3.5,30,758,31.8,-0.39,1.9,-4.5,-0.7,1025,33.1,0.72,2.39,32.6,10.8,-14.4,8.7,-0.04483398163034846,0.32576429553556063
120,60,1.0,50,2.0,2.5,30,541,32.0,-1.3,1.3,-15.4,-2.5,839,35.9,-0.68,1.48,-9.7,-3.3,-12.6,6.6,-0.1544981999302132,-0.0967104885063792
20,120,1.0,55,2.5,4.5,60,617,40.7,1.43,1.93,75.0,8.9,893,39.6,2.5,2.24,73.3,22.2,-22.8,17.7,0.7496279510055666,0.7326453645277753
40,120,1.3,55,2.5,3.5,30,552,38.8,-0.09,1.55,56.0,7.0,767,39.8,0.55,1.68,31.0,10.3,-16.0,11.7,0.5600985445619695,0.30978925103702526
55,120,1.6,55,1.5,3.5,60,493,27.4,-0.57,2.24,17.5,2.5,661,31.0,0.52,2.49,11.5,4.1,-7.0,8.3,0.1752979558877661,0.11463081409456555
40,60,1.3,45,2.0,2.5,60,682,30.6,-1.62,1.2,-9.8,-1.6,929,34.4,-1.08,1.39,-4.8,-1.5,-18.8,6.5,-0.09840166977411768,-0.04793592515474987
20,120,1.3,55,1.5,4.5,30,717,32.9,0.43,2.28,12.2,1.8,969,31.5,1.9,3.14,30.8,10.3,-18.2,10.6,0.12239229670143192,0.3079444310061936
20,60,1.3,55,1.5,4.5,30,748,28.9,-0.3,2.27,-5.0,-0.8,970,30.4,1.65,3.15,22.7,6.6,-1.4,10.3,-0.04971815340944197,0.22685813989911519
40,60,1.0,55,2.5,2.5,60,722,32.4,-1.56,1.16,-12.8,-2.1,1020,35.9,-0.93,1.37,-11.1,-3.6,-13.6,7.2,-0.1277703960514307,-0.11094741472778091
20,150,1.0,45,2.5,2.5,30,847,34.1,-1.23,1.23,-20.9,-3.5,1212,36.6,-0.59,1.46,0.5,0.2,-8.8,7.6,-0.2085966844992918,0.005130255975060116
55,60,1.6,55,1.5,2.5,60,578,27.5,-1.71,1.29,-14.5,-2.4,782,29.3,-1.43,1.52,-1.3,-0.4,-1.7,5.1,-0.14539368769851435,-0.012728953938151655
20,60,1.3,45,2.0,4.5,60,662,31.4,-0.22,2.07,-1.5,-0.2,853,35.5,2.27,2.64,30.3,8.6,-14.8,15.0,-0.015079847434333882,0.3030351419092716
20,150,1.6,55,2.0,2.5,30,719,32.4,-1.56,1.16,-25.0,-4.3,932,35.2,-0.91,1.41,-20.9,-8.2,-20.9,6.7,-0.2497698227981744,-0.20918163503980092
20,150,1.0,50,2.5,2.5,30,847,34.1,-1.23,1.23,-20.9,-3.5,1212,36.6,-0.59,1.46,0.5,0.2,-8.8,7.6,-0.2085966844992918,0.005130255975060116
40,120,1.6,50,1.5,2.5,30,614,28.0,-1.7,1.24,-12.4,-2.0,799,31.5,-1.11,1.52,4.0,1.4,-2.9,5.1,-0.12410640429780129,0.039531017777062916
20,150,1.6,45,1.5,4.5,60,618,30.3,0.61,2.68,17.5,2.5,817,31.0,1.74,3.12,-4.8,-1.8,-20.5,11.5,0.1748044198263563,-0.04771170690792448
55,150,1.6,55,2.5,2.5,30,534,31.1,-1.8,1.12,-14.2,-2.3,680,34.6,-1.38,1.28,-24.3,-9.8,-24.3,6.7,-0.1419299892103313,-0.24254718751411264
20,120,1.6,45,2.0,3.5,60,624,33.5,-0.38,1.8,-26.5,-4.6,811,37.7,1.15,2.07,82.0,24.4,-14.8,11.6,-0.26542451929526145,0.8197442613939245
55,150,1.3,45,1.5,2.5,30,609,30.5,-1.3,1.31,-9.2,-1.5,849,30.0,-1.12,1.64,1.1,0.4,-5.5,5.1,-0.09201433795933467,0.0114735789626359
55,120,1.6,45,2.5,4.5,60,409,38.4,0.74,1.86,-11.0,-1.8,561,38.5,2.04,2.17,7.4,2.6,-25.9,16.2,-0.10969327041794996,0.0736536227050868
40,60,1.0,45,1.5,2.5,60,757,29.7,-1.35,1.34,-14.0,-2.3,1091,31.7,-0.94,1.6,5.1,1.6,-2.5,5.6,-0.13975110843366723,0.051341197207293465
120,150,1.0,55,1.5,3.5,30,458,31.0,-0.15,2.13,21.5,3.0,729,31.7,0.77,2.54,20.9,7.2,-11.6,8.3,0.21509865572225828,0.2094848575677113
40,60,1.3,55,2.0,3.5,60,603,30.3,-1.0,1.74,14.7,2.1,809,35.5,0.3,1.93,24.3,7.0,-13.3,10.7,0.14675230682352924,0.24316314226555558
40,60,1.6,45,1.5,2.5,30,635,27.2,-1.73,1.29,-10.6,-1.7,830,30.4,-1.32,1.48,-1.3,-0.4,-1.7,5.1,-0.10569104163017418,-0.012728953938151655
55,120,1.6,45,2.5,4.5,30,440,41.6,0.54,1.58,57.6,7.2,573,39.8,2.19,2.11,20.4,7.0,-25.9,14.6,0.5761621901104954,0.20362496663355056
55,120,1.3,45,2.5,2.5,30,588,31.1,-1.62,1.17,-14.9,-2.4,818,35.8,-1.04,1.34,-16.1,-6.2,-20.0,6.7,-0.14893354690982796,-0.16082048837544693
20,150,1.6,45,2.0,2.5,30,720,32.2,-1.58,1.16,-25.7,-4.4,932,35.2,-0.93,1.39,-22.8,-9.0,-22.8,6.6,-0.25660908944376903,-0.2284402319463672
55,120,1.3,50,2.5,2.5,30,588,31.1,-1.62,1.17,-14.9,-2.4,818,35.8,-1.04,1.34,-16.1,-6.2,-20.0,6.7,-0.14893354690982796,-0.16082048837544693
120,120,1.0,50,2.0,4.5,30,429,38.0,0.96,2.0,65.0,7.9,650,38.0,2.64,2.47,43.0,13.9,-20.7,13.1,0.6503986348335342,0.42967496644437797
20,60,1.6,55,2.5,4.5,60,587,34.2,-0.34,1.79,-13.5,-2.2,736,38.3,2.0,2.19,44.7,12.2,-11.8,16.8,-0.1345490533177096,0.44694287411429334
55,120,1.3,55,2.5,4.5,30,475,42.5,0.7,1.57,54.2,6.8,658,39.4,1.96,2.08,14.8,5.2,-27.1,14.6,0.5416172693276475,0.1483089666996127
55,60,1.6,55,2.5,2.5,60,563,29.3,-2.09,1.1,-19.4,-3.2,738,34.6,-1.43,1.26,-15.0,-5.0,-15.0,6.8,-0.19408237215425683,-0.15049887088562397
55,120,1.6,55,1.5,4.5,60,457,29.3,0.38,2.65,17.9,2.5,630,29.7,1.5,3.13,-14.6,-5.6,-14.6,10.5,0.17890362063994547,-0.145650480614683
120,60,1.3,45,2.5,2.5,30,505,30.9,-1.71,1.18,-15.1,-2.5,743,36.9,-0.76,1.39,-9.9,-3.4,-10.5,6.8,-0.15087066781788339,-0.09944038210021111
20,150,1.0,50,1.5,3.5,60,779,29.7,-0.42,2.09,-10.1,-1.6,1108,33.7,0.72,2.32,24.7,8.4,-6.2,9.4,-0.10050795961630787,0.24748221273641535
40,120,1.0,45,2.0,3.5,30,621,34.3,-0.29,1.77,11.9,1.7,861,37.5,0.67,1.91,14.5,5.0,-23.4,10.4,0.11877141827640414,0.14470461713907423
55,150,1.0,55,2.0,3.5,30,555,37.5,-0.02,1.66,42.9,5.6,788,35.9,0.51,1.97,-12.7,-4.8,-24.5,10.2,0.42898287057527074,-0.12673166376451084
120,120,1.6,55,1.5,3.5,60,395,27.3,-0.59,2.25,19.5,2.8,589,31.7,0.65,2.47,4.2,1.5,-7.2,8.5,0.19529786099649038,0.04165277470080975
20,150,1.0,50,2.0,4.5,60,645,36.3,1.09,2.23,65.8,8.0,936,36.1,2.19,2.56,91.8,26.8,-17.0,15.4,0.6584468887609671,0.9181585967522543
20,120,1.3,45,1.5,4.5,30,718,32.9,0.42,2.28,12.2,1.8,969,31.5,1.9,3.14,30.8,10.3,-18.2,10.6,0.12239229670143192,0.3079444310061936
40,60,1.6,45,2.0,4.5,30,537,33.9,-0.25,1.84,14.4,2.1,682,35.8,1.52,2.32,-6.9,-2.2,-20.3,12.7,0.14388777453667245,-0.06862935857962338
20,120,1.6,50,2.0,3.5,60,624,33.5,-0.38,1.8,-26.5,-4.6,811,37.7,1.15,2.07,82.0,24.4,-14.8,11.6,-0.26542451929526145,0.8197442613939245
55,60,1.6,50,2.5,3.5,60,486,33.3,-1.13,1.51,33.0,4.4,642,38.0,0.5,1.79,2.4,0.7,-15.7,12.2,0.330311948795073,0.024255346423737834
40,120,1.0,50,1.5,4.5,30,618,33.2,0.56,2.33,37.1,4.9,869,31.6,1.63,2.96,7.9,2.8,-18.3,10.1,0.3707875020924811,0.07902540260440172
55,150,1.0,50,1.5,4.5,30,553,34.9,0.73,2.25,38.3,5.1,801,29.5,1.37,3.11,23.1,7.9,-10.7,9.8,0.3834299927667628,0.23078286637636625
20,120,1.0,50,2.5,2.5,60,853,32.9,-1.29,1.27,-27.4,-4.8,1204,37.6,-0.43,1.47,-10.4,-3.9,-16.5,7.7,-0.27383678336681117,-0.10350831239702984
40,150,1.3,45,2.0,3.5,60,558,32.8,-0.41,1.84,3.5,0.5,772,35.1,0.33,1.97,14.1,4.9,-13.1,10.6,0.03475042397955397,0.14070953003359055
120,120,1.3,55,1.5,3.5,60,436,26.8,-0.5,2.36,-13.2,-2.1,689,31.9,0.78,2.52,6.2,2.2,-6.2,8.4,-0.13249767957307734,0.062440555928984676
120,120,1.0,50,1.5,4.5,60,425,29.9,0.94,2.91,35.8,4.8,687,31.1,2.09,3.22,1.4,0.5,-17.0,11.2,0.35767059548053926,0.0139450504120604
20,120,1.0,45,2.0,3.5,30,763,37.5,-0.23,1.57,4.5,0.7,1050,38.7,1.06,1.97,47.1,15.1,-12.6,11.3,0.04496529308192665,0.47095787090984165
55,150,1.6,50,1.5,4.5,30,475,33.5,0.69,2.36,47.1,6.1,627,29.8,1.55,3.15,-13.4,-5.2,-16.2,9.8,0.47053227936827247,-0.13416161966395346
20,120,1.6,50,1.5,4.5,60,631,29.8,0.49,2.66,29.6,4.0,812,31.9,1.99,3.11,-6.7,-2.5,-8.7,11.7,0.29629762898729806,-0.0665810920200961
20,150,1.6,55,2.5,2.5,60,702,32.8,-1.65,1.13,-22.2,-3.7,915,36.4,-0.86,1.36,-21.2,-8.3,-21.2,7.3,-0.22162763721355794,-0.21197169678680072
120,120,1.0,50,1.5,4.5,30,451,32.4,0.74,2.5,67.7,8.2,711,31.9,1.94,3.05,21.6,7.4,-10.2,10.3,0.6772465807450037,0.21568980386822822
55,120,1.6,55,2.0,4.5,60,430,34.2,0.49,2.14,5.5,0.8,587,35.1,1.72,2.44,8.7,3.1,-19.7,13.9,0.055109045031126014,0.08723847497423853
20,150,1.6,50,2.5,3.5,60,579,38.7,0.02,1.59,25.3,3.5,789,39.8,1.01,1.83,17.9,6.2,-19.3,13.0,0.2528461045131356,0.17889621999303906
55,60,1.3,55,2.5,2.5,30,634,30.8,-1.74,1.17,-10.9,-1.7,866,35.3,-1.15,1.32,-10.7,-3.5,-12.9,6.8,-0.10896589029294479,-0.10674212543726225
55,120,1.3,55,1.5,4.5,60,491,29.9,0.55,2.68,5.9,0.9,728,28.7,1.45,3.27,-10.8,-4.1,-10.8,10.4,0.05854685845303487,-0.1083656096156469
20,120,1.3,45,1.5,3.5,60,737,30.0,-0.41,2.07,-15.0,-2.5,1012,33.1,0.8,2.43,34.2,11.3,-12.3,9.1,-0.15048780426593755,0.3420245082381148
40,150,1.0,50,2.5,4.5,30,547,45.5,1.12,1.52,34.9,4.7,770,39.1,1.87,2.09,22.2,7.6,-25.4,14.7,0.3490406810214144,0.2222474270785637
40,150,1.0,55,1.5,3.5,30,651,30.7,-0.32,2.05,3.3,0.5,919,31.2,0.22,2.32,3.9,1.4,-6.9,8.1,0.0326423660729287,0.03922324591187043
120,150,1.0,50,2.5,4.5,30,392,44.1,1.31,1.63,46.2,6.0,608,40.8,2.68,2.16,79.8,23.8,-26.8,15.2,0.46161675274328196,0.7981902956679896
40,60,1.6,45,2.0,2.5,60,616,28.7,-1.96,1.16,-20.9,-3.5,796,33.8,-1.34,1.31,-13.7,-4.5,-13.7,6.4,-0.2092526649844717,-0.13696941113537198
20,120,1.0,45,2.5,4.5,30,687,44.0,0.8,1.52,84.0,9.7,953,40.7,2.4,2.13,106.2,30.1,-26.0,15.6,0.8401999394015796,1.0616993579404017
55,150,1.3,50,2.5,2.5,60,585,32.3,-1.51,1.18,-8.9,-1.4,796,34.3,-1.21,1.37,-9.8,-3.7,-11.1,6.7,-0.08908156913749388,-0.09815078297930957
20,120,1.0,45,1.5,2.5,30,916,29.6,-1.28,1.4,-20.3,-3.4,1287,33.7,-0.5,1.69,0.6,0.2,-3.1,6.1,-0.20257387232784385,0.006484992864489447
40,60,1.3,55,1.5,2.5,30,705,29.2,-1.44,1.32,-9.1,-1.4,980,30.7,-1.07,1.6,4.9,1.5,-2.5,5.2,-0.0910919109789079,0.04872332415815839
55,60,1.0,50,2.5,4.5,60,515,37.7,0.2,1.73,12.2,1.8,727,37.1,1.77,2.22,44.9,12.2,-15.4,16.7,0.12226450278594991,0.4490910992002408
55,60,1.3,45,2.5,4.5,30,518,41.3,0.14,1.46,10.7,1.6,708,38.8,1.43,1.98,22.2,6.4,-10.5,14.6,0.10676108280378793,0.2223615811873645
55,120,1.6,55,2.0,3.5,30,480,33.8,-0.48,1.73,36.7,4.9,628,36.8,0.8,2.0,-4.4,-1.6,-22.6,10.2,0.36669406319769693,-0.043509410938951
40,60,1.0,50,1.5,3.5,30,692,28.5,-0.68,2.03,-5.2,-0.8,974,30.7,0.16,2.34,11.5,3.4,-2.2,8.1,-0.05222901004403535,0.11488399318217613
55,120,1.3,55,2.0,4.5,30,494,37.4,0.55,1.89,33.0,4.4,688,35.3,1.69,2.42,-26.1,-10.4,-29.0,12.4,0.3300714526524666,-0.26076863914832027
20,150,1.0,50,2.0,3.5,30,748,37.0,-0.22,1.6,38.3,5.1,1056,38.6,0.94,1.93,20.5,7.0,-24.7,11.2,0.382734800382009,0.20534751077569546
20,60,1.0,55,1.5,2.5,30,928,27.9,-1.4,1.46,-18.3,-3.0,1279,32.6,-0.66,1.68,10.8,3.2,-2.5,5.9,-0.18256188718914923,0.10764634794159633
120,150,1.0,45,2.0,4.5,60,371,38.0,1.78,2.31,49.6,6.3,604,35.6,2.46,2.65,58.8,18.3,-34.9,14.6,0.49604091023142605,0.5881301250069084
120,150,1.6,55,1.5,2.5,30,426,27.7,-1.68,1.3,-13.8,-2.2,627,31.3,-1.13,1.55,-0.8,-0.3,-9.1,5.0,-0.13776185979884392,-0.008175926330491579
20,150,1.6,55,2.5,3.5,60,576,38.9,0.13,1.62,25.3,3.5,789,39.8,0.99,1.83,17.9,6.2,-19.3,13.0,0.2528461045131356,0.17889621999303906
20,150,1.3,45,1.5,4.5,60,664,30.3,0.73,2.76,30.6,4.1,945,30.2,1.7,3.22,82.4,24.5,-17.3,11.4,0.3056511029079434,0.8242997201114164
40,150,1.3,50,2.5,4.5,30,511,44.8,1.12,1.56,55.0,6.9,711,38.5,1.7,2.08,8.4,3.0,-21.8,14.5,0.5504267160219563,0.08409104395896216
20,120,1.3,55,2.5,4.5,60,576,41.3,1.48,1.9,61.5,7.6,830,38.7,2.37,2.28,86.3,25.4,-18.8,17.2,0.6150923298100668,0.8633545680679291
20,60,1.0,45,2.5,4.5,30,726,39.5,-0.14,1.48,-19.2,-3.2,949,39.8,2.1,2.11,84.0,20.8,-19.8,15.4,-0.19164552567568705,0.8395136535500698
40,150,1.0,55,2.0,3.5,30,614,36.0,-0.2,1.69,28.7,3.9,864,35.9,0.35,1.92,-11.9,-4.5,-26.3,10.2,0.286681211996181,-0.11902554721362857
120,120,1.0,45,2.5,2.5,60,513,31.6,-1.47,1.26,-12.9,-2.1,801,37.8,-0.51,1.43,14.7,5.2,-10.3,7.1,-0.1292831190088488,0.14665376686145937
40,60,1.3,50,1.5,2.5,30,705,29.2,-1.44,1.32,-9.1,-1.4,980,30.7,-1.07,1.6,4.9,1.5,-2.5,5.2,-0.0910919109789079,0.04872332415815839
40,60,1.3,50,2.5,3.5,60,576,33.9,-1.01,1.51,8.3,1.2,776,38.4,0.36,1.72,33.9,9.5,-16.8,12.3,0.08306224762580539,0.33895466626276116
55,150,1.3,55,1.5,3.5,60,532,30.1,-0.24,2.16,4.5,0.7,756,30.6,0.37,2.47,41.7,13.5,-9.6,8.2,0.045182329691757284,0.4165742352216104
40,120,1.3,45,2.0,4.5,60,509,35.6,0.76,2.13,6.3,0.9,716,35.3,2.0,2.54,24.4,8.3,-16.6,14.0,0.06273933259752162,0.24411261766024928
20,60,1.6,45,2.0,4.5,60,617,30.5,-0.49,2.04,10.0,1.5,754,35.8,2.09,2.54,11.7,3.5,-17.4,15.0,0.0995700043714105,0.11718907270990098
20,120,1.6,50,1.5,3.5,60,676,29.4,-0.54,2.05,-16.6,-2.7,867,33.1,0.83,2.44,17.3,6.0,-16.5,9.1,-0.16625195494856804,0.1725930416491206
20,60,1.0,45,2.5,2.5,60,873,30.8,-1.58,1.26,-14.8,-2.4,1186,36.7,-0.56,1.48,4.6,1.4,-8.7,7.7,-0.14750621967968902,0.04565341121847877
120,60,1.6,45,2.0,4.5,30,391,35.5,0.43,1.98,5.2,0.8,548,36.1,1.89,2.41,2.9,0.9,-27.5,13.0,0.051982572063001165,0.028563666170514646
40,120,1.3,45,2.5,2.5,30,648,31.6,-1.64,1.14,-9.5,-1.5,897,36.5,-1.06,1.29,-22.1,-8.7,-26.2,6.7,-0.09522262970404871,-0.2206262231029228
55,60,1.6,45,2.5,3.5,60,486,33.3,-1.13,1.51,33.0,4.4,642,38.0,0.5,1.79,2.4,0.7,-15.7,12.2,0.330311948795073,0.024255346423737834
40,120,1.0,55,1.5,2.5,60,727,29.6,-1.39,1.32,-2.8,-0.4,1049,32.7,-0.81,1.6,0.1,0.1,-2.6,5.5,-0.027747619868098927,0.0014493880674237847
40,120,1.0,55,1.5,3.5,60,639,27.2,-0.47,2.32,9.7,1.4,910,32.6,0.52,2.32,18.4,6.3,-7.8,8.6,0.09659632944083474,0.1838680269587456
20,120,1.0,45,2.0,2.5,30,874,32.8,-1.23,1.28,-32.2,-5.7,1230,36.8,-0.46,1.5,-17.4,-6.7,-20.1,7.1,-0.32158038974295045,-0.17438937366430773
40,150,1.0,45,1.5,3.5,60,633,28.8,-0.4,2.2,17.4,2.5,904,31.5,0.31,2.33,24.3,8.2,-5.5,8.5,0.17399451281269473,0.24301186269799735
40,120,1.3,55,1.5,4.5,60,543,30.0,0.59,2.7,-10.2,-1.6,785,30.2,1.59,3.13,3.5,1.2,-9.9,10.7,-0.10209937636508493,0.03466186492177514
55,150,1.3,50,2.0,4.5,30,488,40.2,0.91,1.83,22.3,3.1,674,34.3,1.6,2.5,33.1,11.0,-25.9,12.4,0.22296593985954227,0.3314905171610576
120,120,1.3,55,1.5,4.5,30,417,31.7,0.64,2.52,40.2,5.3,660,31.1,1.76,3.08,-0.2,-0.1,-17.4,10.1,0.40197579155936736,-0.0021880084179215498
120,150,1.0,55,2.0,4.5,30,407,39.8,1.3,1.98,65.4,8.0,632,36.9,2.47,2.52,105.1,29.9,-20.7,13.1,0.6539003814855249,1.0510315900979066
55,150,1.6,45,2.0,3.5,30,479,35.9,-0.29,1.65,34.6,4.6,619,35.9,0.59,2.0,2.2,0.8,-16.4,10.2,0.34551075091354955,0.022236333678339326
40,120,1.0,55,1.5,4.5,60,582,30.2,0.6,2.68,14.7,2.1,838,31.3,1.8,3.09,3.7,1.3,-13.9,11.1,0.14706386762636114,0.037400308789236725
120,120,1.0,50,2.0,2.5,30,519,31.2,-1.38,1.31,-12.3,-2.0,821,36.8,-0.6,1.46,0.6,0.2,-11.3,6.5,-0.12260914733285588,0.006127893909900539
55,60,1.3,55,1.5,2.5,60,646,28.9,-1.43,1.35,-14.3,-2.3,925,29.8,-1.15,1.63,4.9,1.5,-2.5,5.2,-0.14254675448637977,0.04872332415815839
20,150,1.6,50,1.5,4.5,30,650,32.5,0.53,2.39,24.4,3.4,832,31.4,1.79,3.09,-11.0,-4.1,-16.0,10.5,0.24376394279676394,-0.10985668296754714
120,60,1.3,55,2.5,3.5,30,440,37.0,-0.63,1.45,14.9,2.1,637,41.8,1.16,1.73,49.2,14.1,-20.3,11.9,0.14935670230198217,0.4922542402346195
55,120,1.3,50,1.5,4.5,30,516,32.9,0.57,2.36,47.4,6.1,745,29.4,1.36,3.12,-11.0,-4.1,-11.0,9.7,0.4741357594350688,-0.1096267967621628
20,150,1.6,55,2.5,3.5,30,612,40.8,-0.11,1.41,23.4,3.3,809,39.8,0.83,1.78,5.0,1.8,-20.3,12.2,0.23414106179190508,0.04988481400292599
20,150,1.0,50,2.5,2.5,60,833,33.9,-1.24,1.24,-21.5,-3.6,1202,36.7,-0.58,1.46,-7.8,-2.9,-12.4,7.7,-0.21532623823552488,-0.07844717306638471
55,60,1.0,50,1.5,2.5,60,699,29.8,-1.31,1.37,-17.5,-2.9,1038,31.0,-1.02,1.62,5.1,1.6,-2.5,5.5,-0.17454168515189994,0.051341197207293465
120,120,1.3,45,2.0,4.5,60,374,34.0,1.04,2.39,20.6,2.9,587,35.9,2.37,2.58,26.7,9.0,-33.2,14.3,0.20638135739466912,0.26682956967641136
55,60,1.6,50,1.5,4.5,60,493,28.6,-0.06,2.46,25.0,3.5,685,27.3,0.86,3.15,10.3,3.1,-1.0,10.4,0.250297145973134,0.10273252495974594
55,120,1.0,50,2.5,2.5,60,624,32.7,-1.34,1.23,-18.9,-3.1,910,36.0,-0.81,1.42,-14.0,-5.4,-21.2,6.9,-0.1890768229506743,-0.1397873637950623
40,60,1.0,50,2.0,3.5,60,641,30.7,-0.86,1.78,-2.9,-0.4,885,35.6,0.37,1.95,30.3,8.6,-19.8,10.9,-0.028814222569966685,0.30314169376630784
120,120,1.6,45,2.5,3.5,30,377,36.9,-0.74,1.43,22.0,3.1,544,41.7,1.27,1.76,4.5,1.6,-23.4,11.9,0.21970080558969807,0.04534489318392376
55,150,1.3,45,2.5,2.5,30,590,32.5,-1.5,1.17,-7.7,-1.2,800,34.4,-1.23,1.35,-9.8,-3.7,-11.1,6.7,-0.07729145531451931,-0.09815078297930957
55,120,1.0,45,1.5,4.5,30,558,33.0,0.54,2.34,35.4,4.7,809,30.5,1.52,3.04,7.0,2.5,-9.9,10.0,0.35439693933536387,0.07001859505993235
20,60,1.0,50,1.5,2.5,60,920,27.8,-1.42,1.45,-18.3,-3.0,1272,32.5,-0.64,1.7,10.8,3.2,-2.5,6.0,-0.18256188718914923,0.10764634794159633
120,150,1.6,55,1.5,4.5,60,345,31.3,1.05,2.78,15.0,2.1,542,29.9,1.63,3.15,1.6,0.6,-8.9,11.0,0.14961138331202095,0.015707381160690703
55,120,1.3,45,2.5,4.5,30,475,42.5,0.7,1.57,54.2,6.8,658,39.4,1.96,2.08,14.8,5.2,-27.1,14.6,0.5416172693276475,0.1483089666996127
120,60,1.3,55,2.0,4.5,60,396,34.8,0.81,2.21,8.1,1.2,597,35.5,2.21,2.59,1.9,0.6,-17.8,14.4,0.0810642597932476,0.019322616246803204
120,60,1.0,50,2.5,3.5,30,463,37.6,-0.36,1.52,17.8,2.5,692,40.9,1.28,1.83,19.8,6.1,-18.0,12.0,0.17810125220439077,0.19818692989098596
120,120,1.6,45,2.0,3.5,60,381,30.2,-0.86,1.87,-1.6,-0.2,553,37.1,1.12,2.09,-20.0,-7.9,-21.2,11.1,-0.016236784644498625,-0.20027440190531232
120,60,1.3,55,2.0,3.5,30,456,32.9,-0.69,1.7,-7.7,-1.2,661,37.5,0.9,1.99,22.2,6.8,-20.0,10.4,-0.07658039338098277,0.22178842513814723
40,60,1.6,50,2.5,2.5,60,612,28.8,-2.16,1.09,-20.7,-3.5,787,34.9,-1.39,1.24,-14.5,-4.8,-14.5,6.8,-0.20699232942363333,-0.14533181657146566
40,120,1.0,55,1.5,4.5,30,618,33.2,0.56,2.33,37.1,4.9,869,31.6,1.63,2.96,7.9,2.8,-18.3,10.1,0.3707875020924811,0.07902540260440172
120,120,1.6,55,2.0,2.5,60,430,28.1,-2.01,1.19,-18.1,-3.0,625,35.2,-1.07,1.36,-13.5,-5.2,-14.0,6.4,-0.1813248659789818,-0.13501898993840622
120,60,1.6,55,1.5,2.5,60,464,27.2,-1.73,1.31,-14.1,-2.3,666,30.2,-1.24,1.56,-7.4,-2.5,-11.4,5.2,-0.14051275814309805,-0.07416206528787617
120,60,1.6,55,1.5,4.5,60,387,29.7,0.51,2.66,8.8,1.3,578,29.1,1.35,3.14,-16.5,-5.8,-18.0,10.7,0.08785461265510253,-0.1650352144850208
20,120,1.6,45,1.5,4.5,60,631,29.8,0.49,2.66,29.6,4.0,812,31.9,1.99,3.11,-6.7,-2.5,-8.7,11.7,0.29629762898729806,-0.0665810920200961
20,120,1.3,50,2.0,4.5,30,676,38.5,0.48,1.79,22.8,3.2,904,36.8,2.24,2.5,73.3,22.2,-22.3,13.4,0.228314661830737,0.7330600427459537
120,120,1.0,45,1.5,4.5,30,451,32.4,0.74,2.5,67.7,8.2,711,31.9,1.94,3.05,21.6,7.4,-10.2,10.3,0.6772465807450037,0.21568980386822822
40,60,1.3,50,1.5,4.5,30,611,30.6,0.03,2.29,15.8,2.3,839,30.0,1.21,2.96,13.8,4.1,-1.2,9.8,0.15837152184615255,0.13848320833000782
20,150,1.0,55,1.5,2.5,60,885,30.2,-1.25,1.39,-12.0,-1.9,1275,33.3,-0.59,1.67,-4.2,-1.5,-7.0,6.1,-0.12033456702255518,-0.04192784077547096
40,150,1.0,55,1.5,4.5,60,576,31.2,0.68,2.61,7.2,1.1,835,30.2,1.6,3.14,43.4,14.0,-10.5,10.9,0.07231260985887378,0.4341113881054257
120,150,1.0,55,1.5,4.5,30,431,33.4,0.93,2.48,38.3,5.1,690,31.0,1.85,3.12,20.5,7.0,-9.5,10.3,0.3826701699341475,0.20524640273489236
40,150,1.0,50,2.5,2.5,30,690,33.9,-1.36,1.17,-14.5,-2.4,987,35.3,-1.04,1.37,-7.8,-2.9,-12.9,6.9,-0.14517732571594122,-0.07788063130273115
20,150,1.0,45,1.5,4.5,30,759,33.2,0.5,2.3,16.0,2.3,1067,31.2,1.57,3.0,29.7,9.9,-13.5,10.8,0.1597072258929222,0.29687900531054523
55,150,1.0,45,2.5,3.5,60,509,39.3,0.14,1.6,24.8,3.4,730,39.2,0.8,1.8,-24.3,-9.6,-30.6,12.7,0.24797591485861292,-0.24265416581883525
40,60,1.6,45,2.5,3.5,30,545,34.3,-1.26,1.38,-16.9,-2.8,696,39.1,0.32,1.66,-9.8,-3.2,-18.6,11.4,-0.1694212986708472,-0.09820160484422258
55,60,1.0,50,2.0,2.5,30,681,31.7,-1.39,1.26,-14.2,-2.3,990,34.5,-1.02,1.41,-7.3,-2.4,-8.0,6.5,-0.1420746424713789,-0.07336145018643137
120,150,1.0,45,2.5,2.5,30,497,32.8,-1.41,1.22,-12.2,-2.0,783,36.4,-0.72,1.44,-1.3,-0.5,-9.9,6.9,-0.12248325235563651,-0.013100448558061029
55,60,1.3,55,2.0,2.5,30,636,30.5,-1.61,1.22,-11.4,-1.8,881,33.8,-1.16,1.39,-15.5,-5.2,-17.4,6.4,-0.11359002842956278,-0.15498008341962455
20,150,1.3,45,1.5,2.5,30,826,30.3,-1.3,1.34,-8.1,-1.3,1148,31.9,-0.74,1.69,-0.4,-0.1,-3.8,5.7,-0.08142354780876093,-0.003901571202702847
55,60,1.0,45,2.5,2.5,30,678,32.0,-1.5,1.21,-16.7,-2.7,974,35.4,-1.0,1.38,-8.8,-2.9,-8.8,7.0,-0.16687113754742344,-0.0879344907017594
55,60,1.6,50,1.5,3.5,30,537,28.5,-0.85,1.93,1.4,0.2,719,29.2,-0.06,2.39,3.7,1.2,-1.5,7.8,0.01415857677240373,0.03746183189162977
40,120,1.6,55,2.0,2.5,30,595,29.6,-1.87,1.14,-13.4,-2.2,770,34.8,-1.23,1.31,-11.6,-4.4,-18.1,6.1,-0.13445907168960491,-0.11573366048815958
55,60,1.3,55,1.5,3.5,30,591,29.9,-0.6,1.94,8.8,1.3,838,30.0,0.14,2.41,10.4,3.1,-2.2,7.9,0.08811135624588928,0.10423508722858132
40,120,1.0,50,2.0,4.5,30,583,39.1,0.67,1.82,32.8,4.4,803,37.1,2.05,2.38,8.3,2.9,-30.2,12.8,0.32807262009150806,0.08263175931766575
40,60,1.0,55,2.0,2.5,30,734,32.0,-1.41,1.23,-5.0,-0.8,1045,35.0,-0.96,1.4,-12.7,-4.1,-13.9,6.6,-0.050297626206172286,-0.12733742575942553
55,150,1.6,55,2.0,3.5,60,468,33.5,-0.39,1.79,18.4,2.6,607,35.9,0.71,2.04,-14.2,-5.5,-15.8,10.8,0.1837254062026159,-0.14153102677803342
40,60,1.0,45,2.0,4.5,60,586,33.4,0.12,2.04,17.5,2.5,808,34.3,1.61,2.51,17.6,5.2,-13.7,14.3,0.17511994738499936,0.17560226662817846
120,120,1.6,50,2.0,4.5,30,368,35.9,0.57,2.01,54.5,6.9,533,37.3,2.24,2.4,20.5,7.1,-30.4,13.0,0.5452572523489845,0.20546578251061165
120,60,1.6,45,2.0,3.5,60,405,30.1,-0.96,1.81,-4.7,-0.7,565,36.5,0.88,2.06,-2.9,-1.0,-17.3,11.0,-0.04669436179165487,-0.029266754739651124
120,120,1.3,50,2.5,2.5,30,483,30.2,-1.79,1.18,-17.8,-2.9,727,37.8,-0.71,1.35,-7.0,-2.6,-10.4,6.8,-0.17795315828836344,-0.06983502511031459
20,60,1.0,45,2.5,2.5,30,884,30.9,-1.56,1.26,-15.2,-2.5,1198,36.6,-0.57,1.47,-1.0,-0.3,-10.1,7.5,-0.1518489085735789,-0.010437706906415545
55,120,1.6,45,1.5,2.5,30,548,27.9,-1.67,1.28,-9.6,-1.5,734,30.4,-1.24,1.55,4.6,1.7,-2.9,4.9,-0.09599266040352039,0.04611753527027451
55,150,1.6,50,2.5,4.5,30,435,43.7,0.91,1.56,82.0,9.6,567,38.3,1.96,2.18,48.1,15.4,-26.2,14.7,0.8195607944660448,0.48089052760646456
55,120,1.3,45,1.5,2.5,60,604,28.8,-1.47,1.31,-8.3,-1.3,870,30.2,-1.08,1.65,7.1,2.5,-2.2,5.1,-0.08331490469976977,0.07072054005686446
55,150,1.0,45,2.0,4.5,60,478,38.5,1.25,2.1,37.6,5.0,704,34.1,1.82,2.6,56.6,17.7,-19.4,14.0,0.37648213658906027,0.5661756007927861
120,120,1.3,50,1.5,2.5,30,495,28.1,-1.51,1.36,-11.9,-1.9,776,32.3,-0.81,1.64,0.8,0.3,-8.2,5.2,-0.1190562125427227,0.007903449023646036
55,150,1.0,55,2.5,2.5,30,628,34.1,-1.26,1.21,-10.5,-1.7,903,34.9,-1.03,1.41,-12.5,-4.8,-15.7,6.8,-0.10528667189674412,-0.12463860010420924
40,150,1.0,45,2.5,4.5,30,547,45.5,1.12,1.52,34.9,4.7,770,39.1,1.87,2.09,22.2,7.6,-25.4,14.7,0.3490406810214144,0.2222474270785637
55,150,1.0,50,2.0,3.5,60,536,35.1,-0.13,1.79,33.7,4.5,765,35.9,0.64,2.02,-16.8,-6.5,-20.9,10.9,0.33740982715072754,-0.168010529694388
55,150,1.0,45,1.5,3.5,30,585,32.3,-0.13,2.01,13.4,1.9,845,30.8,0.36,2.44,-0.0,-0.0,-6.3,8.0,0.1338326392986764,-0.0002756385693944985
40,60,1.3,50,2.5,4.5,60,526,36.5,-0.11,1.7,-4.9,-0.8,718,37.5,1.61,2.14,26.6,7.6,-12.7,16.3,-0.04913937385164391,0.2664524158175665
40,150,1.0,50,2.5,3.5,60,556,37.9,-0.01,1.63,10.6,1.6,807,38.5,0.51,1.76,5.9,2.1,-17.5,12.5,0.10628282256961419,0.05893180694843703
20,150,1.6,45,2.0,3.5,60,615,34.0,-0.47,1.72,-19.8,-3.3,814,37.7,0.93,1.99,22.9,7.8,-13.2,11.6,-0.19807041278881043,0.22932702896235102
55,120,1.6,50,1.5,3.5,30,501,29.5,-0.46,2.08,7.0,1.0,666,31.4,0.48,2.43,6.2,2.2,-7.7,8.0,0.06959850014035118,0.06168320531596461
120,60,1.0,45,1.5,4.5,60,450,30.4,0.71,2.7,28.0,3.8,713,29.9,1.7,3.21,30.6,9.2,-11.6,10.9,0.2800469814754707,0.30636105536334846
20,120,1.6,45,2.5,4.5,60,541,40.5,1.21,1.86,42.8,5.6,730,39.7,2.44,2.19,117.3,32.7,-11.5,17.0,0.4284156477474703,1.1733989537769882
120,150,1.3,45,1.5,2.5,30,478,29.3,-1.42,1.34,-7.7,-1.2,745,31.5,-0.87,1.67,9.2,3.3,-1.4,5.2,-0.07718906201827958,0.09193692882077253
20,60,1.0,50,2.0,4.5,30,756,35.3,-0.18,1.75,4.0,0.6,977,36.5,2.1,2.48,17.7,5.2,-15.7,13.6,0.03985071000930973,0.17714531834599434
20,60,1.0,45,1.5,4.5,60,767,26.9,-0.15,2.62,-9.6,-1.5,1033,29.5,1.57,3.23,23.7,6.8,-1.1,11.5,-0.09587503456122781,0.23675798316279373
120,120,1.0,55,2.0,2.5,60,516,31.2,-1.39,1.3,-13.5,-2.2,814,36.9,-0.56,1.47,2.1,0.8,-17.8,6.6,-0.1346961241972513,0.02053755831799542
40,150,1.6,45,1.5,2.5,30,608,29.1,-1.58,1.26,-10.0,-1.6,788,31.2,-1.13,1.53,3.5,1.3,-4.0,5.1,-0.10035312281956732,0.03534416502560944
20,60,1.6,50,2.5,2.5,30,747,28.8,-2.06,1.16,-27.2,-4.7,919,35.9,-1.04,1.31,-3.9,-1.2,-12.3,7.1,-0.27222119946727563,-0.039030227923743
120,120,1.6,55,2.5,3.5,60,367,33.2,-0.89,1.63,15.9,2.3,533,40.3,1.39,1.89,11.8,4.2,-15.2,12.7,0.15908634434057012,0.11815146260121234
20,150,1.3,55,2.5,3.5,30,668,41.6,0.11,1.44,25.3,3.5,934,40.0,0.82,1.76,29.3,9.8,-27.6,12.4,0.2527802536861752,0.2925616443178676
20,150,1.0,45,1.5,3.5,30,805,31.4,-0.43,1.91,18.2,2.6,1130,33.5,0.66,2.32,9.4,3.3,-8.8,9.0,0.18236477387684547,0.09362282662604327
40,120,1.0,45,1.5,2.5,30,734,29.8,-1.38,1.3,-2.8,-0.4,1052,32.6,-0.82,1.6,0.6,0.2,-2.6,5.5,-0.027747619868098927,0.006293030820590628
20,60,1.0,55,2.5,2.5,60,873,30.8,-1.58,1.26,-14.8,-2.4,1186,36.7,-0.56,1.48,4.6,1.4,-8.7,7.7,-0.14750621967968902,0.04565341121847877
55,120,1.0,50,2.0,3.5,60,544,32.4,-0.35,1.91,12.3,1.8,772,36.5,0.9,2.06,9.0,3.2,-18.8,11.0,0.12306352326451497,0.09023031586426122
120,120,1.6,50,2.0,3.5,30,388,33.2,-0.71,1.68,-0.9,-0.1,561,38.0,1.1,2.01,-20.2,-8.0,-22.2,10.5,-0.008676823262012912,-0.20194803851542897
20,150,1.0,55,1.5,3.5,30,804,31.5,-0.43,1.91,18.2,2.6,1128,33.3,0.6,2.3,9.4,3.3,-8.8,9.0,0.18236477387684547,0.09362282662604327
120,150,1.0,55,1.5,3.5,60,446,28.7,-0.25,2.32,-3.1,-0.5,715,31.9,0.86,2.56,23.0,7.8,-5.3,8.7,-0.031159596394429334,0.22993719998335727
55,120,1.0,50,1.5,2.5,60,654,30.0,-1.32,1.34,-4.5,-0.7,973,31.8,-0.87,1.65,0.1,0.1,-2.6,5.4,-0.045398485078131046,0.0014493880674237847
40,60,1.0,55,1.5,4.5,60,626,28.6,0.08,2.55,10.4,1.5,890,29.3,1.31,3.11,17.4,5.1,-12.2,10.8,0.10439601872663506,0.17414239754161698
120,60,1.3,45,2.5,4.5,60,381,38.3,0.69,1.84,-1.0,-0.2,572,39.3,2.49,2.23,19.3,6.0,-21.7,16.8,-0.0103154849502467,0.1928498243350658
20,120,1.3,50,2.0,3.5,60,679,34.3,-0.21,1.81,-16.8,-2.8,938,37.5,1.03,2.05,45.9,14.7,-18.6,11.7,-0.1682359830313691,0.4587113696319878
40,60,1.6,50,2.5,4.5,30,518,38.0,-0.39,1.5,11.9,1.7,663,39.1,1.46,1.97,-9.5,-3.0,-25.1,14.3,0.11941366149002208,-0.09452458171561173
55,120,1.6,55,2.0,2.5,60,532,29.1,-1.89,1.16,-24.6,-4.2,702,33.9,-1.28,1.36,-13.7,-5.3,-17.3,6.2,-0.24623345065698088,-0.13698957442303916
120,120,1.3,55,1.5,3.5,30,445,29.4,-0.36,2.16,12.3,1.8,697,32.3,0.72,2.45,-5.7,-2.1,-9.2,8.1,0.12327860217375708,-0.05710098079498871
120,60,1.0,45,2.5,4.5,60,401,39.2,0.89,1.84,26.5,3.6,609,39.6,2.73,2.28,105.2,26.6,-31.2,17.0,0.26487675760525997,1.0520730194594368
120,120,1.6,50,2.0,2.5,30,433,28.2,-1.99,1.19,-16.9,-2.8,628,35.2,-1.12,1.34,-13.6,-5.2,-14.5,6.3,-0.16903568987642792,-0.13581147791589832
40,120,1.6,55,1.5,3.5,30,557,29.1,-0.47,2.12,2.7,0.4,724,32.6,0.5,2.32,3.0,1.1,-5.3,8.1,0.027411681240852248,0.02953436434186063
120,120,1.6,50,1.5,2.5,60,438,26.7,-1.76,1.33,-14.7,-2.4,650,31.5,-1.1,1.55,-1.2,-0.4,-8.9,5.1,-0.1469778313435791,-0.012044759538726302
120,150,1.3,55,2.5,4.5,60,339,40.1,1.47,1.95,29.0,4.0,539,39.0,2.56,2.26,54.3,17.1,-31.0,16.9,0.2898687930703201,0.5425247380078568
120,120,1.3,55,2.5,2.5,30,483,30.2,-1.79,1.18,-17.8,-2.9,727,37.8,-0.71,1.35,-7.0,-2.6,-10.4,6.8,-0.17795315828836344,-0.06983502511031459
55,120,1.6,50,2.5,3.5,30,464,37.7,-0.39,1.5,38.6,5.1,605,40.5,1.05,1.78,47.8,15.3,-22.8,11.7,0.38562252539206265,0.47755501243408394
120,150,1.0,55,2.5,3.5,60,400,37.5,-0.11,1.62,4.7,0.7,633,39.8,1.35,1.92,5.8,2.1,-16.1,12.9,0.04723152681185927,0.05843179845841373
55,60,1.0,45,1.5,4.5,60,574,29.8,0.25,2.51,38.6,5.1,851,27.8,1.14,3.23,20.2,5.9,-11.4,10.6,0.38576741001328796,0.20196487842871425
40,60,1.3,55,1.5,3.5,60,630,26.8,-0.8,2.12,-1.1,-0.2,875,30.9,0.16,2.33,53.0,14.1,-5.4,8.3,-0.010662053165246377,0.5295921541117505
20,60,1.6,55,2.0,4.5,60,617,30.5,-0.49,2.04,10.0,1.5,754,35.8,2.09,2.54,11.7,3.5,-17.4,15.0,0.0995700043714105,0.11718907270990098
55,150,1.3,55,1.5,3.5,30,545,32.5,-0.12,2.01,66.4,8.1,766,30.5,0.3,2.43,36.9,12.1,-9.8,7.9,0.6636769673930272,0.3689308597805734
55,150,1.6,50,2.0,2.5,30,538,30.5,-1.75,1.16,-18.6,-3.1,691,32.9,-1.43,1.35,-6.6,-2.5,-10.8,6.1,-0.1863912935474047,-0.06628598429266941
55,60,1.0,45,1.5,2.5,60,699,29.8,-1.31,1.37,-17.5,-2.9,1038,31.0,-1.02,1.62,5.1,1.6,-2.5,5.5,-0.17454168515189994,0.051341197207293465
20,60,1.0,50,2.0,3.5,60,767,30.8,-0.83,1.8,-26.3,-4.6,1018,36.5,0.93,2.09,59.6,15.6,-10.8,11.7,-0.26326928345841116,0.5958796661288828
40,120,1.0,45,2.0,3.5,60,599,31.7,-0.36,1.96,5.2,0.8,841,37.2,0.72,1.95,28.7,9.6,-19.3,11.0,0.051890233856583645,0.28733969801377834
120,120,1.3,45,1.5,3.5,30,445,29.4,-0.36,2.16,12.3,1.8,697,32.3,0.72,2.45,-5.7,-2.1,-9.2,8.1,0.12327860217375708,-0.05710098079498871
40,120,1.3,45,2.0,2.5,60,652,30.5,-1.65,1.18,-14.1,-2.3,905,35.1,-1.01,1.38,-11.9,-4.5,-18.7,6.3,-0.14112789682186766,-0.1188515987198614
55,150,1.6,50,2.5,4.5,60,407,40.8,1.03,1.79,24.2,3.4,554,37.5,1.88,2.21,-7.3,-2.7,-26.2,16.3,0.24165991167052714,-0.07326076750775057
40,120,1.0,45,2.0,4.5,60,538,36.4,1.01,2.17,31.6,4.3,767,35.9,2.08,2.51,65.3,20.1,-23.4,14.3,0.3155095875456817,0.6526009310323599
120,60,1.6,50,2.5,2.5,30,455,29.2,-2.08,1.12,-16.7,-2.8,633,35.9,-1.13,1.3,-16.0,-5.7,-16.5,6.9,-0.16714700921152947,-0.16044664610849302
40,60,1.0,50,1.5,4.5,60,626,28.6,0.08,2.55,10.4,1.5,890,29.3,1.31,3.11,17.4,5.1,-12.2,10.8,0.10439601872663506,0.17414239754161698
40,120,1.0,45,2.0,2.5,60,697,32.3,-1.35,1.24,-22.1,-3.7,1001,36.1,-0.82,1.4,-17.9,-6.9,-18.9,6.5,-0.22088678206194234,-0.1791109800771047
55,60,1.3,55,1.5,4.5,60,535,29.7,0.16,2.46,33.5,4.5,782,27.6,1.06,3.22,18.5,5.4,-4.0,10.5,0.33539565994770726,0.18483516192765093
20,120,1.3,55,2.0,4.5,30,675,38.5,0.49,1.79,22.8,3.2,904,36.8,2.23,2.49,98.9,28.5,-22.3,13.4,0.228314661830737,0.9890761953543201
120,120,1.3,50,2.0,4.5,60,374,34.0,1.04,2.39,20.6,2.9,587,35.9,2.37,2.58,26.7,9.0,-33.2,14.3,0.20638135739466912,0.26682956967641136
